# Blender 5.0.1
# www.blender.org
mtllib elephant.mtl
o defaultMaterial
v 0.213498 0.107022 0.014479
v 0.160058 0.106550 0.019950
v 0.156846 0.096130 0.046036
v 0.211884 0.105448 0.036939
v 0.216808 0.107070 -0.006253
v 0.174298 0.115761 -0.004836
v 0.092625 0.095623 0.019040
v 0.117408 0.093560 0.017740
v 0.122089 0.109357 -0.008638
v 0.103627 0.115594 -0.009788
v 0.123391 0.088664 0.051388
v 0.162659 0.099926 0.069258
v 0.183122 0.107537 0.091195
v 0.223437 0.103867 0.083049
v 0.215359 0.101708 0.060547
v 0.295464 0.076138 0.002062
v 0.294918 0.074674 0.017504
v 0.336864 0.047942 0.005049
v 0.287119 0.102691 0.081394
v 0.259492 0.091783 0.047996
v 0.300522 0.075150 0.034133
v 0.319320 0.077174 0.045274
v 0.256394 0.090888 0.027274
v 0.308618 0.079081 -0.018322
v 0.268690 0.108497 -0.028879
v 0.254560 0.093115 0.008345
v 0.243740 0.118678 0.107244
v 0.149525 0.137027 -0.026863
v 0.202937 0.120098 0.118634
v 0.227986 0.126411 -0.034491
v 0.134488 0.095053 0.103363
v 0.101844 0.096808 0.112436
v 0.150812 0.112506 0.128456
v 0.200391 0.134863 -0.034667
v 0.125311 0.088516 0.075896
v 0.149525 0.137027 -0.026863
v 0.118007 0.097695 0.077911
v 0.123391 0.088664 0.051388
v 0.029297 0.205425 -0.000598
v 0.005859 0.159436 0.020216
v 0.026326 0.148204 0.036716
v 0.041616 0.202004 0.018123
v 0.015685 0.213232 -0.014050
v -0.009726 0.178716 0.002152
v -0.029711 0.106826 0.047124
v -0.013891 0.121199 0.032199
v -0.035683 0.138405 0.017453
v -0.051700 0.131268 0.030019
v 0.013365 0.118840 0.053370
v 0.041793 0.154238 0.055252
v 0.062858 0.171911 0.070416
v 0.077220 0.206082 0.050286
v 0.059789 0.201043 0.034083
v 0.072468 0.275538 -0.039303
v 0.083097 0.271745 -0.028518
v 0.109296 0.305473 -0.059502
v 0.100272 0.260904 0.036077
v 0.078638 0.237302 0.008683
v 0.096024 0.273669 -0.016260
v 0.108982 0.290222 -0.007448
v 0.062686 0.240290 -0.004676
v 0.063188 0.294165 -0.051539
v 0.018701 0.270026 -0.033897
v 0.048720 0.242093 -0.017768
v 0.089594 0.228756 0.074826
v -0.045223 0.171424 0.016354
v 0.079051 0.192596 0.093726
v -0.010466 0.239727 -0.017981
v 0.050680 0.127900 0.091055
v 0.035346 0.105748 0.115336
v 0.067198 0.150743 0.112176
v -0.028295 0.217522 -0.005775
v 0.029989 0.118084 0.071804
v -0.045223 0.171424 0.016354
v 0.017813 0.112799 0.087616
v 0.013365 0.118840 0.053370
v -0.056781 0.168370 -0.168534
v -0.048718 0.161634 -0.108934
v -0.024046 0.146088 -0.107735
v -0.034897 0.162803 -0.166026
v -0.077204 0.172476 -0.173185
v -0.074146 0.176322 -0.123020
v -0.046518 0.143686 -0.032423
v -0.049956 0.142590 -0.061989
v -0.074854 0.163193 -0.064122
v -0.073748 0.170284 -0.041112
v -0.017297 0.135191 -0.070516
v 0.000470 0.153599 -0.110902
v 0.022962 0.163539 -0.133927
v 0.011845 0.162522 -0.177601
v -0.011104 0.160408 -0.169393
v -0.064810 0.143889 -0.264297
v -0.049620 0.141841 -0.261222
v -0.056356 0.114858 -0.310510
v 0.016760 0.167663 -0.241590
v -0.023055 0.156792 -0.217815
v -0.031919 0.142778 -0.264921
v -0.017274 0.147319 -0.284598
v -0.043648 0.160786 -0.217611
v -0.082566 0.150497 -0.283233
v -0.106511 0.184286 -0.237292
v -0.062367 0.164892 -0.217615
v 0.037952 0.180927 -0.198933
v -0.093422 0.201225 -0.089606
v 0.055441 0.176854 -0.152358
v -0.102754 0.199464 -0.187232
v 0.035682 0.141821 -0.080308
v 0.047252 0.140715 -0.042102
v 0.061184 0.161246 -0.098336
v -0.102214 0.207998 -0.154811
v 0.007735 0.134680 -0.070954
v -0.093422 0.201225 -0.089606
v 0.010178 0.148443 -0.066243
v -0.017297 0.135191 -0.070516
v -0.296157 0.063711 0.028810
v -0.254880 0.039968 0.042349
v -0.244104 0.032637 0.017863
v -0.286276 0.061880 0.008703
v -0.305784 0.067306 0.046477
v -0.271669 0.052443 0.062481
v -0.203415 0.019307 0.066302
v -0.224001 0.021151 0.057876
v -0.238251 0.032463 0.082215
v -0.223933 0.035404 0.091046
v -0.215342 0.021320 0.024455
v -0.237264 0.041782 -0.004074
v -0.239755 0.055833 -0.030160
v -0.272776 0.071608 -0.035510
v -0.279393 0.062853 -0.014447
v -0.364626 0.101269 0.004728
v -0.357844 0.100444 -0.009144
v -0.399994 0.118245 -0.020303
v -0.309654 0.104800 -0.058432
v -0.315116 0.086057 -0.019361
v -0.353064 0.103148 -0.025868
v -0.354218 0.116224 -0.042592
v -0.322246 0.085411 0.000281
v -0.377882 0.112936 0.020338
v -0.346150 0.099405 0.053158
v -0.329198 0.083858 0.018020
v -0.270874 0.093706 -0.060943
v -0.254355 0.051655 0.098543
v -0.235212 0.073707 -0.060806
v -0.317814 0.087317 0.071378
v -0.202022 0.034346 -0.025579
v -0.171714 0.030919 -0.021237
v -0.207050 0.053821 -0.052547
v -0.294479 0.080528 0.083459
v -0.205560 0.024449 0.001923
v -0.254355 0.051655 0.098543
v -0.185184 0.026280 0.006996
v -0.215342 0.021320 0.024455
v -0.207552 0.029404 0.162426
v -0.170610 0.058320 0.151225
v -0.171724 0.059674 0.122683
v -0.216472 0.039149 0.143882
v -0.202235 0.022515 0.181256
v -0.176605 0.051701 0.178921
v -0.106432 0.076662 0.144549
v -0.128244 0.063876 0.145725
v -0.127074 0.069233 0.175620
v -0.110492 0.082275 0.178311
v -0.139656 0.068403 0.113301
v -0.187051 0.070077 0.104964
v -0.212313 0.078223 0.094687
v -0.246115 0.051170 0.108382
v -0.228726 0.044564 0.123703
v -0.259720 -0.033626 0.178632
v -0.267289 -0.028766 0.166005
v -0.286563 -0.073878 0.174156
v -0.298126 0.017878 0.125891
v -0.257558 0.011879 0.140454
v -0.279004 -0.026330 0.153127
v -0.301195 -0.028991 0.150253
v -0.246382 0.006695 0.157421
v -0.263784 -0.042269 0.200395
v -0.237332 -0.003335 0.215168
v -0.234958 0.000812 0.171651
v -0.279936 0.063221 0.106096
v -0.162532 0.078274 0.207801
v -0.244067 0.093458 0.088068
v -0.212152 0.028414 0.216296
v -0.160563 0.091386 0.069429
v -0.126904 0.108756 0.058497
v -0.185676 0.116939 0.057477
v -0.196178 0.048876 0.216135
v -0.145686 0.076924 0.090894
v -0.162532 0.078274 0.207801
v -0.148644 0.089393 0.092704
v -0.139656 0.068403 0.113301
v -0.010253 0.203006 0.210278
v 0.000373 0.157068 0.178699
v -0.024418 0.143608 0.177888
v -0.030920 0.197659 0.202212
v 0.008195 0.210079 0.217723
v 0.020962 0.178257 0.188319
v 0.018873 0.108475 0.133076
v 0.013214 0.121483 0.154303
v 0.038594 0.140113 0.157653
v 0.045252 0.135002 0.140132
v -0.021092 0.117938 0.153122
v -0.047673 0.149384 0.171332
v -0.074388 0.164787 0.170979
v -0.078857 0.197327 0.196063
v -0.054767 0.195518 0.198086
v -0.031699 0.272815 0.267891
v -0.046028 0.268488 0.263657
v -0.055501 0.306431 0.300071
v -0.099498 0.248799 0.221267
v -0.058242 0.233067 0.228795
v -0.063376 0.268447 0.260564
v -0.081399 0.281880 0.258704
v -0.038026 0.236444 0.232904
v -0.017637 0.291568 0.272636
v 0.016389 0.265820 0.240169
v -0.019722 0.238334 0.238095
v -0.108838 0.213740 0.188601
v 0.055056 0.173231 0.163776
v -0.105879 0.182373 0.167500
v 0.032548 0.234595 0.213360
v -0.073307 0.125330 0.143397
v -0.072916 0.107441 0.114053
v -0.100305 0.147179 0.141845
v 0.042595 0.212574 0.194314
v -0.044973 0.116758 0.146527
v 0.055056 0.173231 0.163776
v -0.042746 0.108846 0.124155
v -0.021092 0.117938 0.153122
v 0.148486 -0.041659 0.220857
v 0.127551 -0.022634 0.191970
v 0.102256 -0.026380 0.202970
v 0.130209 -0.039227 0.233504
v 0.165799 -0.044496 0.210321
v 0.154875 -0.024953 0.186825
v 0.102711 -0.007796 0.145182
v 0.111584 -0.019410 0.160484
v 0.138883 -0.012978 0.152094
v 0.136345 0.000387 0.141736
v 0.084556 -0.020938 0.182086
v 0.087301 -0.022137 0.222620
v 0.077224 -0.021287 0.249350
v 0.097758 -0.038301 0.268882
v 0.112243 -0.039285 0.249724
v 0.179648 -0.085252 0.260178
v 0.167154 -0.084805 0.269094
v 0.185662 -0.114890 0.285033
v 0.120940 -0.055712 0.310510
v 0.134557 -0.061534 0.267389
v 0.156404 -0.084197 0.283126
v 0.155895 -0.084757 0.303989
v 0.150086 -0.061951 0.253402
v 0.202099 -0.086215 0.258118
v 0.206951 -0.055319 0.228616
v 0.164388 -0.062084 0.240736
v 0.089599 -0.029858 0.300726
v 0.173619 -0.005135 0.157373
v 0.060270 -0.016578 0.281992
v 0.197626 -0.032842 0.204298
v 0.047480 -0.013378 0.219914
v 0.029609 0.002593 0.203388
v 0.039383 -0.006134 0.250851
v 0.191341 -0.019612 0.189555
v 0.064973 -0.018594 0.196898
v 0.173619 -0.005135 0.157373
v 0.066291 -0.006711 0.199049
v 0.084556 -0.020938 0.182086
v 0.260224 0.138185 0.038234
v 0.202504 0.143194 0.037733
v 0.193768 0.140773 0.065520
v 0.255943 0.149849 0.057747
v 0.266469 0.133228 0.018699
v 0.221210 0.145073 0.012467
v 0.127917 0.132782 0.025971
v 0.155696 0.129150 0.031380
v 0.164051 0.138090 0.001909
v 0.143272 0.145116 -0.005906
v 0.154528 0.134568 0.065564
v 0.195392 0.154568 0.086317
v 0.213610 0.174653 0.103130
v 0.263663 0.171099 0.099865
v 0.257132 0.157508 0.080775
v 0.354914 0.111644 0.044995
v 0.352050 0.116908 0.059518
v 0.400000 0.085594 0.065632
v 0.335738 0.171081 0.102766
v 0.308581 0.146056 0.075651
v 0.355230 0.123743 0.075313
v 0.374349 0.132628 0.088129
v 0.307854 0.136716 0.056843
v 0.373935 0.108262 0.027272
v 0.329788 0.135074 0.001156
v 0.307322 0.128595 0.039452
v 0.284750 0.200130 0.113685
v 0.196224 0.166068 -0.018933
v 0.231023 0.203840 0.120334
v 0.284590 0.152144 -0.010240
v 0.152619 0.160662 0.112839
v 0.109672 0.163227 0.113417
v 0.164576 0.193122 0.131120
v 0.254182 0.162731 -0.015366
v 0.150027 0.142892 0.088465
v 0.196224 0.166068 -0.018933
v 0.141460 0.156167 0.086435
v 0.154528 0.134568 0.065564
v 0.010202 -0.251232 0.067652
v -0.000848 -0.302193 0.070036
v 0.006027 -0.250283 0.073565
v 0.000769 -0.302391 0.072423
v 0.006263 -0.249975 0.083013
v 0.003038 -0.302747 0.073786
v 0.014529 -0.251618 0.077666
v 0.005292 -0.303117 0.074719
v 0.017673 -0.252350 0.072730
v 0.007771 -0.303556 0.074942
v 0.020156 -0.252827 0.071569
v 0.009855 -0.303984 0.073598
v 0.021798 -0.253198 0.069301
v 0.011099 -0.304286 0.071622
v 0.022451 -0.253414 0.066542
v 0.011533 -0.304447 0.069503
v 0.021824 -0.253407 0.063761
v 0.011304 -0.304485 0.067486
v 0.010894 -0.304492 0.065413
v 0.020119 -0.253192 0.061521
v 0.009856 -0.304393 0.063150
v 0.017681 -0.252814 0.060246
v 0.007625 -0.304040 0.061875
v 0.014595 -0.252427 0.056109
v 0.005093 -0.303571 0.062200
v 0.006385 -0.251213 0.050142
v 0.002490 -0.303082 0.062692
v 0.005438 -0.250724 0.058900
v 0.000407 -0.302635 0.064514
v 0.010175 -0.251315 0.065285
v -0.000771 -0.302321 0.067115
v 0.010202 -0.251232 0.067652
v -0.000848 -0.302193 0.070036
v 0.028407 -0.144418 0.063841
v 0.029170 -0.144461 0.066742
v 0.031442 -0.144835 0.068984
v 0.034557 -0.145478 0.068691
v 0.036848 -0.146003 0.067143
v 0.038778 -0.146460 0.065437
v 0.039502 -0.146706 0.062878
v 0.038864 -0.146675 0.060303
v 0.037568 -0.146509 0.057792
v 0.034972 -0.146037 0.056373
v 0.031889 -0.145414 0.056309
v 0.029314 -0.144823 0.058093
v 0.028526 -0.144550 0.061049
v 0.028407 -0.144418 0.063841
v 0.053064 -0.045989 0.059492
v 0.054375 -0.046206 0.063216
v 0.058524 -0.047351 0.064753
v 0.062759 -0.048697 0.062378
v 0.063266 -0.049071 0.057342
v 0.060249 -0.048346 0.053827
v 0.056198 -0.047176 0.053468
v 0.053576 -0.046292 0.056084
v 0.053064 -0.045989 0.059492
v 0.077548 0.021909 0.056295
v 0.080220 0.020856 0.060019
v 0.084304 0.018903 0.059856
v 0.086756 0.017541 0.056527
v 0.085528 0.017895 0.052598
v 0.082393 0.019283 0.050817
v 0.078727 0.021091 0.051902
v 0.077548 0.021909 0.056295
v 0.107510 0.067778 0.052787
v 0.109700 0.066034 0.056155
v 0.112632 0.063036 0.055253
v 0.114328 0.060859 0.051127
v 0.111584 0.063039 0.046864
v 0.108029 0.066709 0.048234
v 0.107510 0.067778 0.052787
v 0.159193 0.102787 0.046011
v 0.160898 0.100057 0.049885
v 0.162331 0.095786 0.047484
v 0.161430 0.096330 0.042873
v 0.159528 0.100505 0.041784
v 0.159193 0.102787 0.046011
v 0.208436 0.109056 0.037985
v 0.209050 0.106531 0.041725
v 0.208555 0.102287 0.039778
v 0.207802 0.102880 0.035607
v 0.207728 0.106840 0.034534
v 0.208436 0.109056 0.037985
v 0.255343 0.098569 0.028137
v 0.255133 0.095885 0.031114
v 0.253538 0.093216 0.028109
v 0.253937 0.096318 0.025340
v 0.255343 0.098569 0.028137
v 0.298297 0.077012 0.016978
v 0.297347 0.074528 0.018774
v 0.296598 0.074840 0.015449
v 0.298297 0.077012 0.016978
v 0.336856 0.047929 0.005050
v 0.336856 0.047929 0.005050
v 0.336856 0.047929 0.005050
v 0.001056 -0.249984 0.061776
v 0.000195 -0.303368 0.062785
v 0.003099 -0.250032 0.062682
v 0.001601 -0.303370 0.063905
v 0.005309 -0.250099 0.062874
v 0.003456 -0.303407 0.064382
v 0.007291 -0.250180 0.061918
v 0.005588 -0.303471 0.064304
v 0.009212 -0.250265 0.060658
v 0.007527 -0.303567 0.063138
v 0.017306 -0.250542 0.059635
v 0.008521 -0.303667 0.061076
v 0.017951 -0.250670 0.053996
v 0.008587 -0.303746 0.058830
v 0.009952 -0.250431 0.053158
v 0.007926 -0.303800 0.056718
v 0.006694 -0.250326 0.053245
v 0.006566 -0.303822 0.054953
v 0.004565 -0.303798 0.053968
v 0.005080 -0.250400 0.046574
v 0.002381 -0.303735 0.053980
v -0.001772 -0.250285 0.041164
v 0.000530 -0.303648 0.054946
v -0.002589 -0.250082 0.050460
v -0.000987 -0.303560 0.056212
v -0.000684 -0.250046 0.055568
v -0.002376 -0.303465 0.057818
v -0.001031 -0.249992 0.057840
v -0.002383 -0.303391 0.059953
v -0.000407 -0.249970 0.060042
v -0.001341 -0.303360 0.061720
v 0.001056 -0.249984 0.061776
v 0.000195 -0.303368 0.062785
v 0.004670 -0.139232 0.060605
v 0.007028 -0.139299 0.061961
v 0.009769 -0.139395 0.061778
v 0.012076 -0.139489 0.060352
v 0.013301 -0.139555 0.058004
v 0.013834 -0.139600 0.055371
v 0.012157 -0.139564 0.053296
v 0.010129 -0.139506 0.052162
v 0.007957 -0.139442 0.051102
v 0.005258 -0.139348 0.051262
v 0.003975 -0.139280 0.053649
v 0.003165 -0.139229 0.055900
v 0.003253 -0.139206 0.058404
v 0.004670 -0.139232 0.060605
v 0.016641 0.092266 0.049918
v 0.020485 0.091977 0.050868
v 0.022178 0.091304 0.047568
v 0.021478 0.090854 0.043975
v 0.017454 0.091174 0.043103
v 0.014815 0.091943 0.046335
v 0.016641 0.092266 0.049918
v 0.025467 0.154376 0.038147
v 0.030284 0.153469 0.038472
v 0.031375 0.152143 0.034243
v 0.028080 0.152320 0.032319
v 0.024811 0.153369 0.033759
v 0.025467 0.154376 0.038147
v 0.039339 0.200233 0.021229
v 0.042651 0.199088 0.021453
v 0.043575 0.197532 0.018659
v 0.041026 0.197571 0.016541
v 0.038269 0.199195 0.017904
v 0.039339 0.200233 0.021229
v 0.059028 0.240522 -0.000695
v 0.062126 0.238896 -0.000541
v 0.061483 0.237236 -0.003738
v 0.058372 0.239000 -0.003684
v 0.059028 0.240522 -0.000695
v 0.082654 0.275672 -0.028007
v 0.084807 0.273880 -0.028243
v 0.082534 0.274007 -0.030042
v 0.082654 0.275672 -0.028007
v 0.109292 0.305480 -0.059497
v 0.109292 0.305480 -0.059497
v 0.109292 0.305480 -0.059497
v -0.013060 -0.246078 0.046302
v -0.010697 -0.302659 0.056440
v -0.006870 -0.245192 0.050411
v -0.008852 -0.302681 0.055890
v -0.004069 -0.245856 0.046384
v -0.007213 -0.302849 0.054629
v -0.008197 -0.246833 0.041503
v -0.006705 -0.303207 0.052635
v -0.010150 -0.247229 0.039566
v -0.007089 -0.303594 0.050699
v -0.010988 -0.247567 0.037799
v -0.007697 -0.303982 0.048808
v -0.012575 -0.247848 0.036449
v -0.009120 -0.304339 0.047276
v -0.014705 -0.248006 0.035851
v -0.011127 -0.304598 0.046392
v -0.016898 -0.247955 0.036409
v -0.013404 -0.304701 0.046388
v -0.015416 -0.304585 0.047472
v -0.022568 -0.248395 0.034701
v -0.016875 -0.304324 0.049179
v -0.030960 -0.248202 0.036846
v -0.017192 -0.303928 0.051327
v -0.024555 -0.246982 0.042777
v -0.017047 -0.303531 0.053368
v -0.018602 -0.246650 0.043850
v -0.016082 -0.303146 0.055158
v -0.017096 -0.246370 0.045204
v -0.014430 -0.302856 0.056290
v -0.015207 -0.246203 0.045888
v -0.012528 -0.302713 0.056590
v -0.013060 -0.246078 0.046302
v -0.010697 -0.302659 0.056440
v -0.014640 -0.128360 0.025238
v -0.012309 -0.128538 0.024352
v -0.011172 -0.129004 0.022169
v -0.011448 -0.129499 0.019890
v -0.012212 -0.129934 0.017900
v -0.013653 -0.130335 0.016080
v -0.016014 -0.130436 0.015677
v -0.018231 -0.130292 0.016397
v -0.020431 -0.130047 0.017587
v -0.021595 -0.129544 0.019941
v -0.021228 -0.128971 0.022585
v -0.019461 -0.128535 0.024554
v -0.017165 -0.128246 0.025828
v -0.014640 -0.128360 0.025238
v -0.014585 -0.020161 -0.003594
v -0.012167 -0.020771 -0.005659
v -0.011864 -0.021660 -0.008597
v -0.013136 -0.022653 -0.011846
v -0.017102 -0.022929 -0.012675
v -0.020170 -0.022166 -0.010094
v -0.020408 -0.021052 -0.006414
v -0.017868 -0.020317 -0.004042
v -0.014585 -0.020161 -0.003594
v -0.016012 0.054298 -0.031029
v -0.012929 0.053515 -0.033055
v -0.013185 0.051995 -0.036599
v -0.016273 0.051115 -0.038470
v -0.019782 0.051394 -0.037597
v -0.020829 0.052671 -0.034543
v -0.019228 0.053798 -0.032001
v -0.016012 0.054298 -0.031029
v -0.018059 0.107546 -0.058562
v -0.015638 0.105854 -0.060973
v -0.016824 0.103880 -0.063403
v -0.019970 0.102818 -0.064474
v -0.023607 0.104102 -0.062474
v -0.022415 0.106962 -0.058902
v -0.018059 0.107546 -0.058562
v -0.023689 0.153341 -0.109589
v -0.020624 0.151494 -0.111150
v -0.022847 0.148142 -0.112850
v -0.026899 0.148828 -0.111846
v -0.027351 0.152330 -0.109665
v -0.023689 0.153341 -0.109589
v -0.033185 0.168618 -0.161553
v -0.030903 0.166089 -0.162220
v -0.032285 0.162948 -0.162299
v -0.035615 0.163543 -0.161646
v -0.036280 0.166880 -0.161182
v -0.033185 0.168618 -0.161553
v -0.042320 0.164579 -0.214653
v -0.040068 0.161282 -0.214282
v -0.042820 0.159510 -0.213457
v -0.044673 0.161877 -0.213686
v -0.042320 0.164579 -0.214653
v -0.049719 0.144366 -0.264713
v -0.048646 0.142286 -0.263858
v -0.051152 0.142531 -0.263619
v -0.049719 0.144366 -0.264713
v -0.056359 0.114815 -0.310484
v -0.056359 0.114815 -0.310484
v -0.056359 0.114815 -0.310484
v -0.044320 -0.257587 0.059531
v -0.024739 -0.300509 0.065563
v -0.035915 -0.253926 0.054260
v -0.024395 -0.300723 0.063181
v -0.040460 -0.257136 0.048860
v -0.024942 -0.301398 0.060930
v -0.048871 -0.261166 0.051684
v -0.026106 -0.302352 0.059010
v -0.051052 -0.262435 0.050917
v -0.028009 -0.303546 0.058056
v -0.053317 -0.263594 0.051182
v -0.030087 -0.304618 0.058398
v -0.055425 -0.264554 0.052228
v -0.031887 -0.305447 0.059285
v -0.056831 -0.264991 0.054279
v -0.033483 -0.306099 0.060566
v -0.057449 -0.264964 0.056652
v -0.034668 -0.306431 0.062424
v -0.034820 -0.306142 0.064637
v -0.057244 -0.264504 0.059014
v -0.034794 -0.305736 0.066969
v -0.056332 -0.263704 0.061138
v -0.033745 -0.304816 0.069050
v -0.057294 -0.263032 0.069050
v -0.031802 -0.303581 0.070120
v -0.052704 -0.259856 0.074059
v -0.029607 -0.302386 0.070140
v -0.049200 -0.259330 0.065154
v -0.027547 -0.301414 0.069262
v -0.048431 -0.259571 0.060815
v -0.025939 -0.300819 0.067601
v -0.044320 -0.257587 0.059531
v -0.024739 -0.300509 0.065563
v -0.091588 -0.171822 0.046752
v -0.090617 -0.171756 0.043097
v -0.093030 -0.173403 0.040618
v -0.095406 -0.174871 0.039368
v -0.097840 -0.176246 0.039094
v -0.100016 -0.177286 0.040321
v -0.101421 -0.177798 0.042361
v -0.101702 -0.177651 0.044702
v -0.101490 -0.177254 0.046889
v -0.100896 -0.176599 0.049442
v -0.098918 -0.175240 0.051554
v -0.096033 -0.173686 0.051284
v -0.093431 -0.172472 0.049592
v -0.091588 -0.171822 0.046752
v -0.203241 0.001238 0.025948
v -0.203601 0.000219 0.021551
v -0.206878 -0.002839 0.020672
v -0.209554 -0.004729 0.023790
v -0.208989 -0.003520 0.028234
v -0.205739 -0.000497 0.029041
v -0.203241 0.001238 0.025948
v -0.244411 0.039791 0.018458
v -0.245114 0.038094 0.014707
v -0.248126 0.034450 0.014299
v -0.249737 0.033765 0.019532
v -0.246842 0.037679 0.021703
v -0.244411 0.039791 0.018458
v -0.280858 0.065095 0.010520
v -0.280804 0.063928 0.007004
v -0.283264 0.060055 0.006878
v -0.284404 0.059941 0.011552
v -0.282553 0.063436 0.013276
v -0.280858 0.065095 0.010520
v -0.318806 0.085984 0.001353
v -0.318909 0.084195 -0.001946
v -0.321050 0.081086 0.000373
v -0.320434 0.083803 0.003499
v -0.318806 0.085984 0.001353
v -0.400000 0.118226 -0.020306
v -0.400000 0.118226 -0.020306
v -0.400000 0.118226 -0.020306
v -0.020367 -0.252534 0.073327
v -0.012021 -0.302547 0.071979
v -0.021389 -0.252658 0.070984
v -0.012884 -0.302639 0.069902
v -0.023094 -0.252917 0.069155
v -0.014188 -0.302815 0.068044
v -0.025334 -0.253285 0.067891
v -0.016143 -0.303118 0.066667
v -0.027982 -0.253754 0.067774
v -0.018561 -0.303536 0.066474
v -0.030384 -0.254212 0.068965
v -0.020700 -0.303940 0.067546
v -0.034787 -0.255012 0.069559
v -0.022538 -0.304303 0.069005
v -0.042519 -0.256471 0.072865
v -0.023864 -0.304592 0.071077
v -0.038942 -0.255976 0.078648
v -0.024389 -0.304756 0.073639
v -0.023752 -0.304719 0.076295
v -0.031271 -0.254612 0.078814
v -0.021895 -0.304451 0.078313
v -0.029005 -0.254249 0.080489
v -0.019407 -0.304043 0.079285
v -0.026132 -0.253835 0.084482
v -0.016856 -0.303592 0.079104
v -0.018570 -0.252641 0.090744
v -0.014564 -0.303166 0.078229
v -0.014750 -0.251800 0.084242
v -0.012639 -0.302786 0.076677
v -0.020197 -0.252569 0.076018
v -0.011875 -0.302586 0.074326
v -0.020367 -0.252534 0.073327
v -0.012021 -0.302547 0.071979
v -0.039853 -0.149048 0.075814
v -0.040982 -0.149216 0.073563
v -0.042525 -0.149476 0.071397
v -0.045162 -0.149988 0.069991
v -0.048184 -0.150645 0.070640
v -0.050733 -0.151242 0.072610
v -0.052553 -0.151719 0.075657
v -0.051226 -0.151541 0.078975
v -0.049030 -0.151147 0.081210
v -0.046346 -0.150612 0.082216
v -0.043513 -0.150025 0.082527
v -0.040690 -0.149396 0.081422
v -0.039690 -0.149097 0.078528
v -0.039853 -0.149048 0.075814
v -0.063880 -0.053414 0.079648
v -0.065843 -0.053785 0.076776
v -0.069150 -0.054618 0.074622
v -0.072712 -0.055861 0.076776
v -0.074368 -0.056693 0.081040
v -0.071964 -0.056293 0.085254
v -0.067582 -0.054992 0.085553
v -0.064085 -0.053784 0.083618
v -0.063880 -0.053414 0.079648
v -0.088774 0.011802 0.088374
v -0.091070 0.011435 0.084415
v -0.095229 0.009368 0.083898
v -0.097596 0.007432 0.087211
v -0.096772 0.006978 0.091414
v -0.093386 0.008369 0.093224
v -0.090323 0.010242 0.091938
v -0.088774 0.011802 0.088374
v -0.120164 0.053436 0.102389
v -0.122648 0.052202 0.098591
v -0.125174 0.048437 0.098415
v -0.125241 0.045892 0.102002
v -0.123116 0.046238 0.106294
v -0.120239 0.050541 0.106473
v -0.120164 0.053436 0.102389
v -0.174722 0.066356 0.126108
v -0.176327 0.064486 0.122206
v -0.175949 0.060115 0.122336
v -0.174049 0.058430 0.126318
v -0.173236 0.062640 0.128831
v -0.174722 0.066356 0.126108
v -0.215341 0.045695 0.144518
v -0.215934 0.044234 0.140735
v -0.213872 0.040898 0.139688
v -0.211581 0.039954 0.143184
v -0.212595 0.042900 0.145901
v -0.215341 0.045695 0.144518
v -0.245723 0.011344 0.157651
v -0.245801 0.010255 0.154062
v -0.242392 0.007867 0.154496
v -0.242556 0.009286 0.158554
v -0.245723 0.011344 0.157651
v -0.269138 -0.029339 0.167173
v -0.268293 -0.030390 0.164258
v -0.266162 -0.030895 0.166933
v -0.269138 -0.029339 0.167173
v -0.286534 -0.073896 0.174130
v -0.286534 -0.073896 0.174130
v -0.286534 -0.073896 0.174130
v -0.008874 -0.249704 0.093245
v -0.007871 -0.302641 0.083736
v -0.011116 -0.249805 0.093633
v -0.009885 -0.302637 0.083504
v -0.012976 -0.250027 0.094836
v -0.011904 -0.302816 0.084225
v -0.014106 -0.250334 0.096669
v -0.013577 -0.303142 0.085738
v -0.014612 -0.250669 0.098740
v -0.014483 -0.303576 0.087898
v -0.016770 -0.251224 0.102028
v -0.013995 -0.304008 0.090188
v -0.018686 -0.252373 0.109129
v -0.013011 -0.304394 0.092296
v -0.012461 -0.252155 0.108447
v -0.011104 -0.304621 0.093673
v -0.008733 -0.251416 0.104165
v -0.008855 -0.304687 0.094250
v -0.006633 -0.304556 0.093804
v -0.006344 -0.251310 0.103756
v -0.004885 -0.304277 0.092541
v -0.004194 -0.251048 0.102334
v -0.003417 -0.303956 0.091027
v -0.002922 -0.250656 0.099982
v -0.002830 -0.303552 0.088994
v 0.002025 -0.249971 0.096178
v -0.003100 -0.303156 0.086908
v 0.006164 -0.248499 0.087277
v -0.004588 -0.302904 0.085448
v -0.003225 -0.248757 0.087858
v -0.006132 -0.302736 0.084412
v -0.008874 -0.249704 0.093245
v -0.007871 -0.302641 0.083736
v -0.010671 -0.138916 0.108288
v -0.013436 -0.139061 0.108883
v -0.015601 -0.139340 0.110566
v -0.016601 -0.139698 0.113036
v -0.016437 -0.140043 0.115620
v -0.015274 -0.140332 0.117956
v -0.013213 -0.140543 0.119866
v -0.010442 -0.140414 0.119399
v -0.008199 -0.140215 0.118315
v -0.006770 -0.139920 0.116385
v -0.005950 -0.139588 0.114078
v -0.005837 -0.139200 0.111226
v -0.007714 -0.138923 0.108858
v -0.010671 -0.138916 0.108288
v -0.020036 0.091438 0.150666
v -0.023828 0.090614 0.152511
v -0.024056 0.089310 0.156395
v -0.020756 0.088736 0.158668
v -0.016980 0.089447 0.157160
v -0.016777 0.090752 0.153272
v -0.020036 0.091438 0.150666
v -0.024396 0.150903 0.174939
v -0.027783 0.149702 0.176852
v -0.027040 0.148072 0.180588
v -0.022819 0.148308 0.180975
v -0.021183 0.150048 0.177506
v -0.024396 0.150903 0.174939
v -0.030318 0.195392 0.199289
v -0.033554 0.193960 0.200785
v -0.032799 0.191922 0.204210
v -0.028837 0.192402 0.204403
v -0.027593 0.194367 0.201579
v -0.030318 0.195392 0.199289
v -0.037371 0.235030 0.229416
v -0.040238 0.233401 0.230725
v -0.037600 0.231940 0.233210
v -0.034854 0.233902 0.231458
v -0.037371 0.235030 0.229416
v -0.055502 0.306400 0.300100
v -0.055502 0.306400 0.300100
v -0.055502 0.306400 0.300100
v 0.009170 -0.264330 0.090720
v 0.002105 -0.302144 0.082061
v 0.003769 -0.263306 0.090112
v 0.000916 -0.302300 0.083776
v -0.002961 -0.262903 0.093628
v 0.000337 -0.302605 0.085705
v 0.002872 -0.264710 0.097723
v 0.000596 -0.303056 0.087645
v 0.007924 -0.265632 0.098116
v 0.001362 -0.303564 0.089446
v 0.009884 -0.266195 0.099275
v 0.002791 -0.304109 0.090885
v 0.012150 -0.266628 0.099547
v 0.004817 -0.304529 0.091235
v 0.014377 -0.266876 0.098942
v 0.006814 -0.304815 0.090975
v 0.016145 -0.266864 0.097444
v 0.008540 -0.304895 0.089948
v 0.009664 -0.304751 0.088343
v 0.017060 -0.266594 0.095372
v 0.010474 -0.304514 0.086552
v 0.017191 -0.266167 0.093174
v 0.010702 -0.304118 0.084475
v 0.019628 -0.265726 0.089029
v 0.009921 -0.303564 0.082463
v 0.020292 -0.264280 0.081400
v 0.008197 -0.302990 0.081128
v 0.013750 -0.263622 0.083514
v 0.006085 -0.302518 0.080598
v 0.010782 -0.264381 0.089654
v 0.003984 -0.302263 0.081098
v 0.009170 -0.264330 0.090720
v 0.002105 -0.302144 0.082061
v 0.021739 -0.184775 0.106125
v 0.019809 -0.184841 0.107984
v 0.019715 -0.185429 0.110598
v 0.021102 -0.186140 0.112536
v 0.022436 -0.186801 0.114302
v 0.024628 -0.187471 0.115408
v 0.027142 -0.187806 0.114799
v 0.029282 -0.187852 0.113255
v 0.030214 -0.187463 0.110813
v 0.030007 -0.186844 0.108310
v 0.029369 -0.186080 0.105530
v 0.026733 -0.185314 0.104378
v 0.024073 -0.185023 0.105289
v 0.021739 -0.184775 0.106125
v 0.037922 -0.112200 0.125954
v 0.036364 -0.112769 0.128946
v 0.036995 -0.113986 0.132108
v 0.039955 -0.115227 0.133441
v 0.043304 -0.115838 0.132550
v 0.045544 -0.115431 0.129489
v 0.044517 -0.113989 0.125970
v 0.041220 -0.112660 0.124649
v 0.037922 -0.112200 0.125954
v 0.055054 -0.064395 0.146896
v 0.053201 -0.065299 0.150028
v 0.054575 -0.067445 0.152715
v 0.057686 -0.068817 0.152597
v 0.060778 -0.069270 0.150861
v 0.061366 -0.067540 0.147301
v 0.058586 -0.065188 0.145404
v 0.055054 -0.064395 0.146896
v 0.074163 -0.034949 0.170035
v 0.072254 -0.036900 0.173004
v 0.073306 -0.040389 0.174554
v 0.076491 -0.041892 0.172922
v 0.078802 -0.040513 0.170014
v 0.077686 -0.036718 0.168305
v 0.074163 -0.034949 0.170035
v 0.104365 -0.024041 0.205490
v 0.101905 -0.026744 0.207684
v 0.102760 -0.030716 0.206973
v 0.105684 -0.030325 0.204395
v 0.107000 -0.026740 0.203199
v 0.104365 -0.024041 0.205490
v 0.129222 -0.034970 0.232623
v 0.126415 -0.037148 0.233896
v 0.126474 -0.039957 0.232022
v 0.128819 -0.040273 0.229578
v 0.130669 -0.037134 0.229841
v 0.129222 -0.034970 0.232623
v 0.150603 -0.056700 0.253939
v 0.147826 -0.058504 0.254641
v 0.148454 -0.060373 0.251726
v 0.151170 -0.058424 0.251262
v 0.150603 -0.056700 0.253939
v 0.169314 -0.083998 0.271149
v 0.167287 -0.085452 0.270876
v 0.169174 -0.085507 0.268662
v 0.169314 -0.083998 0.271149
v 0.185684 -0.114867 0.285055
v 0.185684 -0.114867 0.285055
v 0.185684 -0.114867 0.285055
v 0.020807 -0.245292 0.076517
v 0.008496 -0.302530 0.074456
v 0.020921 -0.245388 0.078531
v 0.008570 -0.302614 0.076316
v 0.021858 -0.245654 0.080234
v 0.009158 -0.302805 0.078073
v 0.023386 -0.246026 0.081260
v 0.010205 -0.303093 0.079756
v 0.025070 -0.246410 0.081666
v 0.012072 -0.303520 0.080387
v 0.026760 -0.246774 0.081468
v 0.013980 -0.303929 0.080258
v 0.029157 -0.247306 0.081632
v 0.015823 -0.304307 0.079686
v 0.036303 -0.248898 0.082342
v 0.017442 -0.304613 0.078440
v 0.038110 -0.249119 0.077406
v 0.018383 -0.304747 0.076531
v 0.018707 -0.304737 0.074320
v 0.031141 -0.247501 0.074889
v 0.017779 -0.304462 0.072286
v 0.029264 -0.247029 0.073195
v 0.016303 -0.304083 0.070643
v 0.029099 -0.246742 0.066143
v 0.014226 -0.303611 0.070028
v 0.024149 -0.245592 0.064351
v 0.012204 -0.303188 0.070453
v 0.022113 -0.245401 0.071526
v 0.010387 -0.302820 0.071163
v 0.021569 -0.245391 0.074610
v 0.009167 -0.302611 0.072685
v 0.020807 -0.245292 0.076517
v 0.008496 -0.302530 0.074456
v 0.047523 -0.126815 0.080806
v 0.047328 -0.126796 0.082966
v 0.048044 -0.126993 0.085240
v 0.050023 -0.127477 0.086689
v 0.052486 -0.128061 0.086952
v 0.054654 -0.128558 0.085777
v 0.056415 -0.128951 0.083995
v 0.056748 -0.128998 0.081466
v 0.055718 -0.128728 0.079277
v 0.054132 -0.128334 0.077689
v 0.052107 -0.127840 0.076260
v 0.049840 -0.127317 0.077241
v 0.048261 -0.126965 0.078813
v 0.047523 -0.126815 0.080806
v 0.075536 -0.016584 0.079503
v 0.076567 -0.016835 0.082274
v 0.078703 -0.017457 0.083874
v 0.081718 -0.018386 0.084012
v 0.084142 -0.019201 0.081356
v 0.083658 -0.019149 0.077365
v 0.080313 -0.018162 0.075394
v 0.076982 -0.017103 0.076566
v 0.075536 -0.016584 0.079503
v 0.105405 0.058380 0.076370
v 0.106436 0.058054 0.079348
v 0.108925 0.056941 0.081254
v 0.112173 0.055263 0.080030
v 0.112826 0.054698 0.076050
v 0.110304 0.055772 0.073244
v 0.107142 0.057362 0.073724
v 0.105405 0.058380 0.076370
v 0.138392 0.109498 0.071873
v 0.139376 0.109003 0.075380
v 0.141907 0.106533 0.076110
v 0.143683 0.104367 0.073639
v 0.142427 0.105158 0.070270
v 0.139948 0.107516 0.069124
v 0.138392 0.109498 0.071873
v 0.196783 0.147071 0.063628
v 0.197556 0.146344 0.067366
v 0.199002 0.142596 0.067088
v 0.198925 0.141590 0.063427
v 0.197562 0.144324 0.061262
v 0.196783 0.147071 0.063628
v 0.251911 0.153716 0.057345
v 0.252163 0.152941 0.061092
v 0.251974 0.149132 0.060778
v 0.251697 0.148371 0.057564
v 0.251684 0.150828 0.055998
v 0.251911 0.153716 0.057345
v 0.305341 0.141634 0.055634
v 0.304938 0.140471 0.058430
v 0.303996 0.137606 0.057160
v 0.304478 0.139004 0.054147
v 0.305341 0.141634 0.055634
v 0.355179 0.118011 0.058486
v 0.354211 0.116660 0.060528
v 0.353960 0.115772 0.057936
v 0.355179 0.118011 0.058486
v 0.399988 0.085578 0.065638
v 0.399988 0.085578 0.065638
v 0.399988 0.085578 0.065638
vn 0.3462 0.9294 0.1280
vn -0.0435 0.9677 0.2485
vn -0.3896 0.9106 0.1380
vn 0.3206 0.9431 0.0886
vn 0.2677 0.9504 0.1585
vn 0.0061 0.9177 0.3972
vn -0.0381 0.9476 0.3171
vn -0.2138 0.9369 0.2765
vn -0.1747 0.8108 0.5586
vn 0.0484 0.7905 0.6105
vn -0.3182 0.9404 0.1203
vn -0.4153 0.9078 -0.0581
vn -0.0485 0.9757 -0.2138
vn 0.1249 0.9617 -0.2439
vn 0.2387 0.9695 0.0562
vn 0.5503 0.8126 0.1919
vn 0.4014 0.9135 0.0665
vn 0.4981 0.8669 0.0217
vn 0.2645 0.9101 -0.3190
vn 0.3190 0.9243 -0.2096
vn 0.2780 0.9199 -0.2767
vn 0.3290 0.8511 -0.4091
vn 0.3942 0.9162 0.0715
vn 0.5277 0.8094 0.2578
vn 0.3855 0.8156 0.4314
vn 0.3897 0.8986 0.2018
vn 0.0402 0.9508 -0.3072
vn 0.3541 0.6133 0.7060
vn -0.0888 0.9677 -0.2361
vn 0.1845 0.8934 0.4096
vn -0.2996 0.9403 -0.1615
vn -0.1588 0.9754 -0.1526
vn -0.4524 0.8759 -0.1676
vn 0.2081 0.9013 0.3800
vn -0.2061 0.9779 -0.0338
vn 0.0574 0.8434 0.5343
vn 0.5203 0.8339 -0.1841
vn -0.0574 0.9979 0.0295
vn -0.6193 0.5687 0.5413
vn -0.4360 0.5625 0.7025
vn -0.5753 0.3836 0.7224
vn -0.6227 0.6188 0.4790
vn -0.2034 0.5009 0.8413
vn -0.3965 0.4320 0.8101
vn -0.2497 0.6752 0.6941
vn -0.3801 0.5511 0.7428
vn -0.1075 0.4706 0.8757
vn 0.0659 0.5863 0.8074
vn -0.5595 0.4554 0.6925
vn -0.7238 0.3524 0.5932
vn -0.6880 0.4746 0.5490
vn -0.6596 0.6302 0.4097
vn -0.5257 0.6763 0.5161
vn -0.2486 0.7280 0.6389
vn -0.3767 0.7023 0.6041
vn -0.4448 0.7347 0.5122
vn -0.8147 0.5425 0.2048
vn -0.5063 0.6412 0.5766
vn -0.5661 0.6313 0.5301
vn -0.6811 0.6659 0.3044
vn -0.3780 0.6960 0.6105
vn -0.0603 0.6506 0.7570
vn -0.0974 0.5316 0.8414
vn -0.3557 0.6619 0.6598
vn -0.8029 0.5019 0.3217
vn 0.4283 0.4734 0.7697
vn -0.8024 0.4027 0.4405
vn -0.0520 0.4318 0.9005
vn -0.7279 0.4968 0.4726
vn -0.6581 0.6162 0.4326
vn -0.7951 0.3351 0.5055
vn -0.0619 0.4778 0.8763
vn -0.6235 0.5464 0.5592
vn 0.0656 0.3596 0.9308
vn -0.4007 0.8754 0.2703
vn -0.4943 0.6826 0.5383
vn 0.2885 0.9545 -0.0760
vn 0.3531 0.9305 0.0976
vn 0.2183 0.8421 0.4931
vn 0.2493 0.9670 -0.0522
vn 0.3135 0.9476 -0.0612
vn 0.4367 0.8933 0.1064
vn 0.3925 0.9079 0.1472
vn 0.3573 0.8762 0.3233
vn 0.6249 0.7423 0.2418
vn 0.6666 0.7453 0.0128
vn 0.2007 0.8818 0.4267
vn 0.0316 0.8165 0.5765
vn -0.0706 0.9872 0.1432
vn -0.1586 0.9831 -0.0911
vn -0.0050 0.9949 -0.1004
vn 0.2882 0.8346 -0.4695
vn 0.2001 0.8885 -0.4130
vn -0.0096 0.9017 -0.4322
vn -0.1196 0.9762 -0.1808
vn 0.0763 0.9527 -0.2943
vn 0.0029 0.9610 -0.2765
vn -0.2528 0.8957 -0.3657
vn 0.2049 0.8909 -0.4055
vn 0.3698 0.8203 -0.4363
vn 0.1262 0.9436 -0.3062
vn 0.3278 0.8514 -0.4094
vn -0.2452 0.9676 -0.0605
vn 0.7322 0.6360 -0.2436
vn 0.0414 0.9638 0.2634
vn 0.5102 0.8496 -0.1339
vn -0.0711 0.8879 0.4546
vn -0.0646 0.9477 0.3127
vn -0.0881 0.8407 0.5343
vn 0.4729 0.8578 -0.2014
vn 0.0577 0.9211 0.3850
vn 0.5708 0.8160 0.0912
vn -0.1403 0.8976 -0.4178
vn 0.1064 0.9781 0.1788
vn 0.4786 0.8717 0.1051
vn 0.4727 0.8812 0.0099
vn 0.4978 0.8467 0.1881
vn 0.5178 0.8345 0.1885
vn 0.4735 0.8608 -0.1865
vn 0.5723 0.8136 -0.1024
vn 0.2621 0.9583 -0.1138
vn 0.4023 0.9155 -0.0061
vn 0.4581 0.8367 -0.3000
vn 0.2709 0.8538 -0.4446
vn 0.4291 0.8853 0.1792
vn 0.4805 0.7888 0.3834
vn 0.4192 0.8253 0.3784
vn 0.2502 0.7854 0.5661
vn 0.4833 0.8365 0.2581
vn 0.4243 0.9046 0.0410
vn 0.3473 0.9237 0.1618
vn 0.4000 0.9019 0.1628
vn 0.3990 0.8485 0.3475
vn 0.3483 0.8944 0.2805
vn 0.3400 0.8711 0.3544
vn 0.3784 0.8220 0.4256
vn 0.3559 0.9206 0.1606
vn 0.4839 0.8751 -0.0042
vn 0.5312 0.8428 -0.0869
vn 0.4168 0.9030 0.1043
vn 0.2275 0.8212 0.5233
vn 0.3974 0.7729 -0.4947
vn 0.5681 0.7342 0.3718
vn 0.4520 0.8513 -0.2665
vn 0.3088 0.8506 0.4255
vn 0.1824 0.9132 0.3644
vn 0.3771 0.7971 0.4717
vn 0.4010 0.8806 -0.2525
vn 0.3177 0.9031 0.2890
vn 0.6409 0.7504 -0.1619
vn -0.0184 0.9769 0.2127
vn 0.1615 0.9735 0.1617
vn -0.5090 0.6680 0.5428
vn -0.5091 0.8302 0.2271
vn 0.0978 0.9758 0.1954
vn -0.4554 0.6855 0.5681
vn -0.6476 0.7218 0.2441
vn -0.5848 0.8102 0.0390
vn -0.2227 0.9744 0.0318
vn -0.0522 0.9966 0.0642
vn -0.0446 0.9660 -0.2547
vn -0.2573 0.9170 -0.3048
vn 0.0234 0.9746 0.2229
vn -0.2964 0.8081 0.5091
vn -0.1705 0.7099 0.6833
vn -0.3391 0.5853 0.7365
vn -0.4730 0.6814 0.5585
vn -0.7216 0.4752 0.5035
vn -0.5615 0.4919 0.6655
vn -0.6184 0.4393 0.6516
vn -0.3297 0.4765 0.8150
vn -0.5510 0.5038 0.6653
vn -0.4888 0.5020 0.7135
vn -0.3859 0.4460 0.8076
vn -0.5591 0.4998 0.6616
vn -0.8191 0.5246 0.2322
vn -0.7703 0.6229 0.1366
vn -0.6106 0.5671 0.5528
vn -0.1898 0.5143 0.8363
vn -0.7811 0.5317 -0.3274
vn -0.0808 0.6357 0.7677
vn -0.7140 0.6990 -0.0394
vn 0.0655 0.8748 0.4801
vn -0.0718 0.8718 0.4846
vn 0.2864 0.8491 0.4438
vn -0.7434 0.6688 0.0013
vn -0.0790 0.9211 0.3813
vn -0.5780 0.8099 -0.0996
vn -0.7684 0.4356 0.4688
vn -0.2311 0.9154 0.3296
vn 0.0885 0.6424 -0.7612
vn -0.1838 0.5497 -0.8149
vn 0.0582 0.5509 -0.8325
vn 0.0807 0.6221 -0.7788
vn -0.0309 0.5629 -0.8259
vn -0.2699 0.5603 -0.7831
vn -0.2067 0.7398 -0.6403
vn -0.1213 0.6363 -0.7619
vn -0.4134 0.5427 -0.7311
vn -0.5262 0.6466 -0.5522
vn 0.0584 0.6152 -0.7862
vn 0.2561 0.5085 -0.8221
vn 0.2719 0.5415 -0.7955
vn 0.1931 0.6305 -0.7518
vn 0.1500 0.6542 -0.7413
vn -0.0471 0.6451 -0.7627
vn 0.1360 0.7034 -0.6976
vn 0.1338 0.6624 -0.7371
vn 0.2360 0.6195 -0.7487
vn 0.1545 0.6753 -0.7212
vn 0.2307 0.6605 -0.7145
vn 0.3017 0.6033 -0.7382
vn 0.1343 0.6972 -0.7042
vn -0.2715 0.5504 -0.7895
vn -0.1771 0.5692 -0.8029
vn 0.0168 0.6465 -0.7628
vn 0.2626 0.5682 -0.7798
vn -0.6255 0.5795 -0.5224
vn 0.2959 0.5467 -0.7833
vn -0.3664 0.4459 -0.8166
vn 0.3215 0.6284 -0.7084
vn 0.2803 0.7372 -0.6149
vn 0.3632 0.5196 -0.7733
vn -0.3486 0.5023 -0.7913
vn 0.1830 0.6822 -0.7079
vn -0.3286 0.5035 -0.7991
vn 0.1583 0.8884 -0.4309
vn 0.0793 0.8092 -0.5822
vn 0.3958 0.7761 0.4909
vn 0.1619 0.9088 0.3846
vn -0.0767 0.9936 -0.0835
vn 0.4239 0.7829 0.4553
vn 0.2818 0.8339 0.4745
vn 0.0848 0.9123 0.4005
vn -0.0284 0.9391 0.3426
vn -0.0816 0.9825 0.1672
vn -0.2835 0.8804 0.3803
vn -0.2253 0.7704 0.5965
vn -0.0213 0.9994 -0.0270
vn 0.3701 0.8999 0.2308
vn 0.3894 0.9086 0.1507
vn 0.5153 0.8196 0.2504
vn 0.4779 0.7719 0.4193
vn 0.3777 0.6321 0.6766
vn 0.4834 0.7113 0.5103
vn 0.5372 0.6693 0.5133
vn 0.5757 0.7437 0.3399
vn 0.5292 0.7517 0.3936
vn 0.5689 0.7544 0.3276
vn 0.7045 0.6702 0.2336
vn 0.4766 0.7172 0.5084
vn 0.2774 0.6414 0.7153
vn 0.2684 0.7332 0.6248
vn 0.3538 0.7270 0.5885
vn 0.5299 0.8333 0.1572
vn -0.1432 0.7327 0.6653
vn 0.1831 0.9747 0.1285
vn 0.0376 0.8177 0.5744
vn 0.2747 0.9564 -0.0992
vn 0.3505 0.9356 0.0430
vn 0.2841 0.9495 -0.1334
vn 0.0898 0.8007 0.5923
vn 0.1800 0.9836 0.0063
vn -0.0442 0.9447 0.3251
vn 0.6250 0.5718 0.5315
vn 0.1908 0.9691 0.1566
vn 0.1810 0.8760 -0.4470
vn 0.0627 0.9928 -0.1024
vn -0.3946 0.8862 -0.2430
vn 0.1918 0.8523 -0.4866
vn 0.1859 0.9823 0.0211
vn 0.0348 0.9948 0.0953
vn -0.1259 0.9920 0.0049
vn -0.2808 0.9568 -0.0748
vn -0.3445 0.9102 0.2300
vn -0.1482 0.9285 0.3404
vn -0.3205 0.9140 -0.2489
vn -0.3702 0.8240 -0.4290
vn -0.0757 0.7883 -0.6107
vn 0.1535 0.7422 -0.6523
vn 0.1734 0.9094 -0.3780
vn 0.5295 0.8395 -0.1220
vn 0.3931 0.8214 -0.4132
vn 0.5066 0.8085 -0.2996
vn 0.3299 0.6633 -0.6718
vn 0.3806 0.7573 -0.5307
vn 0.3427 0.7275 -0.5945
vn 0.3884 0.7145 -0.5819
vn 0.3857 0.8262 -0.4107
vn 0.4918 0.8699 0.0372
vn 0.3017 0.9351 0.1861
vn 0.3316 0.8969 -0.2926
vn 0.0981 0.6928 -0.7144
vn 0.2395 0.8154 0.5271
vn -0.1168 0.7364 -0.6663
vn 0.1703 0.9309 0.3231
vn -0.2555 0.8271 -0.5007
vn -0.1262 0.8742 -0.4689
vn -0.4257 0.7346 -0.5283
vn 0.2202 0.9301 0.2941
vn -0.1748 0.9118 -0.3717
vn -0.0340 0.9659 0.2567
vn 0.5451 0.7905 -0.2794
vn -0.0436 0.9591 -0.2796
vn -0.8773 0.1447 -0.4576
vn -0.9369 0.2160 0.2749
vn -0.9526 0.1620 -0.2575
vn -0.6893 0.0537 0.7225
vn -0.4191 0.1028 0.9021
vn -0.4650 -0.1248 0.8765
vn 0.6558 -0.0931 0.7492
vn -0.2394 -0.0126 0.9708
vn 0.7220 -0.0952 0.6853
vn 0.2378 -0.0040 0.9713
vn 0.6282 -0.0757 0.7744
vn 0.6898 -0.1105 0.7155
vn 0.8945 -0.1402 0.4246
vn 0.9045 -0.1717 0.3903
vn 0.9847 -0.1741 0.0113
vn 0.9769 -0.2056 0.0583
vn 0.8906 -0.1715 -0.4212
vn 0.9663 -0.2099 -0.1487
vn 0.9264 -0.2083 -0.3137
vn 0.6295 -0.1364 -0.7649
vn 0.7139 -0.1647 -0.6806
vn 0.6824 -0.1431 -0.7169
vn 0.1838 -0.0673 -0.9807
vn 0.6494 -0.1379 -0.7478
vn -0.1721 -0.0850 -0.9814
vn -0.2890 0.0151 -0.9572
vn -0.4637 -0.1753 -0.8685
vn -0.9532 0.1843 0.2398
vn -0.8037 0.0136 -0.5949
vn -0.8599 0.1781 0.4784
vn -0.9527 0.1961 -0.2322
vn -0.9369 0.2160 0.2748
vn -0.9724 0.2073 0.1068
vn -0.8315 0.2228 0.5088
vn -0.3081 0.1638 0.9371
vn 0.3206 -0.0092 0.9472
vn 0.5959 -0.0848 0.7986
vn 0.8286 -0.1477 0.5400
vn 0.9805 -0.1948 0.0247
vn 0.9139 -0.1965 -0.3552
vn 0.6880 -0.1613 -0.7076
vn 0.2381 -0.0765 -0.9682
vn -0.2735 0.0824 -0.9583
vn -0.7872 0.1772 -0.5907
vn -0.9662 0.1971 -0.1662
vn -0.9724 0.2073 0.1067
vn -0.9526 0.2861 0.1033
vn -0.6451 0.2293 0.7289
vn 0.1057 0.0215 0.9942
vn 0.8024 -0.2043 0.5608
vn 0.9197 -0.2740 -0.2812
vn 0.4420 -0.1568 -0.8832
vn -0.3029 0.0612 -0.9511
vn -0.8431 0.2330 -0.4846
vn -0.9526 0.2862 0.1032
vn -0.8840 0.4334 0.1752
vn -0.3680 0.2379 0.8989
vn 0.4166 -0.1268 0.9002
vn 0.8933 -0.3993 0.2061
vn 0.6870 -0.3559 -0.6336
vn 0.0597 -0.0896 -0.9942
vn -0.6550 0.2665 -0.7070
vn -0.6761 0.7083 0.2030
vn -0.1753 0.2986 0.9382
vn 0.4770 -0.3547 0.8041
vn 0.7102 -0.6983 -0.0890
vn 0.1759 -0.2776 -0.9445
vn -0.5293 0.4466 -0.7214
vn -0.3620 0.9254 0.1124
vn 0.0489 0.2265 0.9728
vn 0.3992 -0.7967 0.4538
vn 0.2099 -0.6999 -0.6827
vn -0.2632 0.3465 -0.9004
vn 0.0500 0.9982 0.0337
vn 0.1998 0.2542 0.9463
vn 0.0816 -0.8631 0.4984
vn -0.1280 -0.7588 -0.6387
vn -0.1436 0.3684 -0.9185
vn 0.0501 0.9982 0.0337
vn 0.3361 0.9418 0.0010
vn 0.2234 -0.0804 0.9714
vn -0.3029 -0.9530 -0.0088
vn -0.1861 0.0679 -0.9802
vn 0.3361 0.9418 0.0011
vn 0.5197 0.8535 -0.0370
vn -0.0539 -0.5461 0.8360
vn -0.4361 -0.4117 -0.8002
vn 0.5198 0.8535 -0.0371
vn 0.2234 -0.0832 0.9712
vn 0.2236 -0.0832 0.9711
vn 0.2235 -0.0831 0.9712
vn -0.6010 0.0270 0.7988
vn -0.5961 0.0248 0.8026
vn -0.2494 0.0199 0.9682
vn -0.4392 0.0329 0.8978
vn 0.1795 0.0087 0.9837
vn -0.0987 0.0316 0.9946
vn 0.4938 0.0014 0.8696
vn 0.2934 0.0334 0.9554
vn 0.2227 0.0104 0.9748
vn 0.7403 0.0078 0.6723
vn 0.6063 -0.0028 0.7953
vn 0.9583 -0.1519 0.2421
vn 0.6602 -0.0369 -0.7502
vn 0.9747 -0.1836 -0.1274
vn 0.0658 -0.0225 -0.9976
vn 0.8855 -0.0643 -0.4602
vn 0.8033 -0.0338 -0.5946
vn 0.6330 -0.0262 -0.7737
vn 0.2260 -0.0222 -0.9739
vn 0.8183 -0.0378 -0.5735
vn -0.2381 -0.1218 -0.9636
vn -0.4522 -0.0070 -0.8919
vn -0.5458 -0.2315 -0.8053
vn -0.9967 0.0313 0.0748
vn -0.7027 -0.0968 -0.7048
vn -0.9776 0.0430 0.2059
vn -0.9365 0.0149 -0.3503
vn -0.9975 0.0352 0.0610
vn -0.9662 0.0346 0.2554
vn -0.8830 0.0342 0.4681
vn -0.7392 0.0341 0.6726
vn -0.6011 0.0270 0.7987
vn -0.5960 0.0248 0.8026
vn -0.6839 0.0563 0.7274
vn -0.2225 0.0451 0.9739
vn 0.3044 0.0199 0.9523
vn 0.7300 -0.0060 0.6834
vn 0.9429 -0.0017 0.3330
vn 0.9716 -0.0165 -0.2360
vn 0.6535 -0.0424 -0.7558
vn 0.4614 -0.0441 -0.8861
vn 0.1810 -0.0166 -0.9833
vn -0.5375 0.0351 -0.8425
vn -0.9107 0.0301 -0.4119
vn -0.9878 0.0407 -0.1506
vn -0.9509 0.0564 0.3042
vn -0.6840 0.0563 0.7273
vn -0.6214 0.1034 0.7766
vn 0.3971 0.0451 0.9167
vn 0.9874 -0.0490 0.1502
vn 0.6854 -0.0913 -0.7224
vn -0.3387 -0.0346 -0.9403
vn -0.9897 0.0635 -0.1282
vn -0.6215 0.3206 0.7148
vn 0.5753 0.1037 0.8113
vn 0.9229 -0.2625 -0.2815
vn 0.0252 -0.2474 -0.9686
vn -0.8983 0.0820 -0.4317
vn -0.6214 0.3206 0.7149
vn -0.5332 0.5115 0.6738
vn 0.5807 0.1491 0.8004
vn 0.9009 -0.3971 -0.1755
vn 0.0076 -0.3933 -0.9194
vn -0.8934 0.1679 -0.4167
vn -0.5332 0.5116 0.6738
vn -0.4738 0.6557 0.5879
vn 0.7716 -0.0123 0.6360
vn 0.4870 -0.6319 -0.6029
vn -0.7598 0.0335 -0.6493
vn -0.4737 0.6557 0.5879
vn -0.3734 0.7645 0.5255
vn 0.8819 -0.3889 0.2664
vn -0.4091 -0.3823 -0.8286
vn -0.3734 0.7645 0.5254
vn 0.7695 -0.0175 0.6384
vn 0.7694 -0.0175 0.6385
vn -0.4853 0.1434 0.8625
vn 0.1825 0.1808 0.9664
vn -0.0133 0.1779 0.9839
vn 0.4632 0.0683 0.8836
vn 0.9892 -0.0048 -0.1464
vn 0.8368 0.0329 0.5465
vn 0.7526 -0.1021 -0.6506
vn 0.9992 0.0315 0.0256
vn 0.8038 -0.0841 -0.5890
vn 0.9679 0.0030 -0.2514
vn 0.7945 -0.0861 -0.6011
vn 0.8635 -0.0476 -0.5020
vn 0.4727 -0.1436 -0.8695
vn 0.5858 -0.1178 -0.8018
vn 0.0134 -0.1733 -0.9848
vn 0.2137 -0.1658 -0.9627
vn 0.1508 -0.1706 -0.9737
vn -0.2406 -0.1825 -0.9533
vn -0.6289 -0.1649 -0.7598
vn -0.0274 -0.1788 -0.9835
vn -0.9035 -0.1913 -0.3835
vn -0.9715 -0.0655 -0.2277
vn -0.9711 -0.2385 0.0053
vn -0.5014 0.1386 0.8540
vn -0.9540 -0.0721 0.2911
vn -0.3174 0.1653 0.9338
vn -0.7524 0.0968 0.6515
vn -0.5232 0.1382 0.8409
vn -0.3859 0.1601 0.9086
vn -0.2699 0.1602 0.9495
vn -0.0492 0.1836 0.9818
vn 0.2959 0.2079 0.9323
vn 0.6701 0.1948 0.7163
vn 0.9820 0.0754 0.1732
vn 0.9727 -0.0352 -0.2293
vn 0.8706 -0.0957 -0.4826
vn 0.5140 -0.1786 -0.8390
vn -0.0695 -0.2110 -0.9750
vn -0.4035 -0.1952 -0.8939
vn -0.7327 -0.1247 -0.6691
vn -0.9869 0.0153 -0.1606
vn -0.9113 0.0826 0.4034
vn -0.6330 0.1627 0.7568
vn -0.1447 0.2119 0.9665
vn 0.2958 0.2079 0.9323
vn 0.2826 0.2843 0.9161
vn 0.8868 0.1417 0.4398
vn 0.9889 -0.0354 -0.1441
vn 0.6319 -0.2148 -0.7447
vn -0.2502 -0.2778 -0.9275
vn -0.8924 -0.1284 -0.4326
vn -0.9397 0.1045 0.3256
vn -0.4528 0.2647 0.8514
vn 0.1689 0.3936 0.9036
vn 0.9049 0.1910 0.3804
vn 0.8703 -0.1677 -0.4630
vn 0.1719 -0.3731 -0.9117
vn -0.6797 -0.2917 -0.6730
vn -0.9956 0.0157 0.0919
vn -0.6260 0.2897 0.7240
vn 0.1689 0.3936 0.9037
vn 0.3216 0.6036 0.7296
vn 0.9779 0.1719 0.1193
vn 0.7277 -0.3798 -0.5711
vn -0.1273 -0.6070 -0.7844
vn -0.9416 -0.2451 -0.2309
vn -0.6822 0.4171 0.6005
vn 0.2112 0.8540 0.4754
vn 0.9822 0.1836 -0.0389
vn 0.3826 -0.7657 -0.5171
vn -0.7511 -0.6024 -0.2701
vn -0.8362 0.4161 0.3571
vn 0.2112 0.8541 0.4754
vn 0.1596 0.9842 0.0770
vn 0.9703 0.1759 -0.1662
vn 0.4492 -0.8735 -0.1879
vn -0.6963 -0.7169 0.0337
vn -0.8875 0.4215 0.1865
vn 0.1597 0.9842 0.0769
vn 0.0935 0.9658 -0.2420
vn 0.9814 -0.1302 -0.1409
vn -0.0978 -0.9717 0.2151
vn -0.9857 0.1241 0.1136
vn 0.0935 0.9657 -0.2421
vn 0.0420 0.8842 -0.4653
vn 0.8179 -0.5600 0.1320
vn -0.8955 -0.3480 0.2773
vn 0.0419 0.8841 -0.4653
vn 0.9898 -0.1132 -0.0861
vn 0.9898 -0.1132 -0.0860
vn 0.3314 0.3028 0.8936
vn 0.8492 0.4304 0.3060
vn 0.8226 0.4718 0.3174
vn 0.9711 0.2228 -0.0853
vn 0.2163 -0.0398 -0.9755
vn 0.8801 0.1899 -0.4352
vn -0.0898 -0.1992 -0.9758
vn 0.5966 0.1911 -0.7795
vn 0.1474 -0.0662 -0.9869
vn 0.1877 -0.0649 -0.9801
vn -0.1727 -0.2350 -0.9565
vn -0.1715 -0.2641 -0.9491
vn -0.5176 -0.3880 -0.7626
vn -0.3819 -0.3663 -0.8485
vn -0.7841 -0.4723 -0.4025
vn -0.5982 -0.4420 -0.6684
vn -0.8848 -0.4651 -0.0294
vn -0.8256 -0.4920 -0.2763
vn -0.8793 -0.4739 0.0479
vn -0.8592 -0.3952 0.3249
vn -0.8546 -0.4019 0.3289
vn -0.8880 -0.4555 0.0624
vn -0.6355 -0.2060 0.7441
vn -0.8485 -0.3924 0.3551
vn -0.1986 -0.0991 0.9751
vn 0.3008 0.2965 0.9064
vn 0.1913 0.0134 0.9814
vn 0.8297 0.4840 0.2781
vn 0.4470 0.3118 0.8384
vn 0.6177 0.4183 0.6659
vn 0.6519 0.4552 0.6065
vn 0.8492 0.4304 0.3061
vn 0.7624 0.5184 0.3874
vn 0.8087 0.4950 -0.3178
vn 0.5010 0.2290 -0.8346
vn 0.2739 0.0514 -0.9604
vn -0.1088 -0.1785 -0.9779
vn -0.5210 -0.3929 -0.7578
vn -0.7908 -0.5046 -0.3465
vn -0.8650 -0.4996 0.0468
vn -0.8500 -0.4650 0.2476
vn -0.7407 -0.3631 0.5653
vn -0.3357 -0.0347 0.9413
vn 0.2076 0.2573 0.9438
vn 0.5531 0.4242 0.7170
vn 0.7620 0.5869 0.2736
vn 0.6166 0.3575 -0.7014
vn -0.1674 -0.2322 -0.9582
vn -0.7740 -0.5738 -0.2678
vn -0.6146 -0.3332 0.7150
vn 0.1688 0.2538 0.9524
vn 0.5999 0.7761 0.1943
vn 0.4388 0.3420 -0.8310
vn -0.3065 -0.5436 -0.7814
vn -0.6407 -0.6569 0.3976
vn -0.0321 0.2028 0.9787
vn 0.5999 0.7761 0.1942
vn 0.4828 0.8522 0.2016
vn 0.4263 0.3872 -0.8175
vn -0.2538 -0.6188 -0.7434
vn -0.5764 -0.6942 0.4310
vn -0.0821 0.2498 0.9648
vn 0.3649 0.9157 0.1681
vn 0.2554 0.0760 -0.9638
vn -0.4036 -0.8975 -0.1776
vn -0.2979 -0.0543 0.9531
vn 0.3649 0.9158 0.1680
vn 0.2690 0.0691 -0.9607
vn 0.9566 0.1792 -0.2298
vn 0.9609 0.1663 -0.2213
vn 0.8189 0.1631 -0.5502
vn 0.8606 0.1570 -0.4845
vn 0.5993 0.1280 -0.7902
vn 0.6874 0.1386 -0.7130
vn 0.2600 0.0702 -0.9630
vn 0.3245 0.0830 -0.9422
vn -0.2057 -0.0133 -0.9785
vn -0.1874 -0.0099 -0.9822
vn -0.2493 -0.0251 -0.9681
vn -0.5245 -0.0780 -0.8478
vn -0.3002 -0.0329 -0.9533
vn -0.7178 -0.1708 -0.6750
vn -0.8922 -0.1547 -0.4243
vn -0.8678 -0.3224 -0.3781
vn -0.4529 -0.0967 0.8863
vn -0.9578 -0.2871 0.0135
vn -0.8382 -0.2837 0.4657
vn -0.1736 -0.0493 0.9836
vn -0.5515 -0.1121 0.8266
vn -0.7238 -0.1400 0.6756
vn -0.1461 -0.0520 0.9879
vn -0.6839 -0.1347 0.7170
vn 0.2236 -0.0634 0.9726
vn 0.0252 -0.0233 0.9994
vn 0.5155 -0.1673 0.8404
vn 0.9774 0.1820 -0.1070
vn 0.8259 -0.0491 0.5617
vn 0.8714 0.1705 -0.4599
vn 0.9779 0.1581 0.1366
vn 0.9566 0.1792 -0.2297
vn 0.9609 0.1663 -0.2212
vn 0.9441 0.2143 -0.2507
vn 0.8295 0.2006 -0.5213
vn 0.6233 0.1631 -0.7648
vn 0.1201 0.0601 -0.9909
vn -0.4147 -0.0548 -0.9083
vn -0.7366 -0.1161 -0.6663
vn -0.9846 -0.1536 -0.0834
vn -0.8272 -0.1535 0.5406
vn -0.5300 -0.1359 0.8371
vn -0.2187 -0.0671 0.9735
vn 0.1266 0.0574 0.9903
vn 0.6913 0.1744 0.7012
vn 0.9656 0.2072 0.1570
vn 0.9441 0.2143 -0.2506
vn 0.9240 0.2996 -0.2375
vn 0.6373 0.2512 -0.7285
vn -0.0240 0.0794 -0.9966
vn -0.7403 -0.1585 -0.6533
vn -0.9573 -0.2806 0.0701
vn -0.5054 -0.2066 0.8378
vn 0.2038 -0.0020 0.9790
vn 0.8014 0.2123 0.5591
vn 0.9240 0.2996 -0.2374
vn 0.8835 0.4683 -0.0135
vn 0.4193 0.3932 -0.8183
vn -0.3931 -0.0014 -0.9195
vn -0.8759 -0.3778 -0.3000
vn -0.6952 -0.4538 0.5574
vn 0.0172 -0.1916 0.9813
vn 0.6440 0.1839 0.7426
vn 0.8835 0.4682 -0.0135
vn 0.5397 0.8417 0.0124
vn 0.0251 0.6065 -0.7947
vn -0.5303 -0.2241 -0.8177
vn -0.5763 -0.8137 -0.0765
vn -0.0853 -0.6414 0.7625
vn 0.5154 0.2355 0.8239
vn 0.5397 0.8417 0.0125
vn 0.0337 0.9667 0.2536
vn -0.3860 0.5315 -0.7540
vn -0.2911 -0.6099 -0.7370
vn 0.1866 -0.9395 0.2874
vn 0.3880 0.0574 0.9199
vn 0.0336 0.9667 0.2535
vn -0.4040 0.7879 0.4647
vn -0.6355 0.4425 -0.6326
vn -0.0164 -0.5089 -0.8606
vn 0.6222 -0.7734 0.1213
vn 0.3751 0.0303 0.9265
vn -0.4041 0.7879 0.4646
vn -0.5892 0.5893 0.5528
vn -0.5856 0.1604 -0.7946
vn 0.5671 -0.6190 -0.5433
vn 0.5681 -0.1838 0.8022
vn -0.5892 0.5893 0.5527
vn -0.6625 0.4351 0.6098
vn -0.1598 -0.1551 -0.9749
vn 0.8451 -0.3756 0.3804
vn -0.6625 0.4350 0.6098
vn -0.5996 0.1344 -0.7889
vn -0.5995 0.1344 -0.7890
vn -0.5965 0.1090 -0.7952
vn 0.2358 0.1761 -0.9557
vn -0.3674 0.1348 -0.9202
vn -0.1261 0.1840 -0.9748
vn -0.7175 0.0950 -0.6901
vn -0.5270 0.1572 -0.8352
vn -0.9240 0.0463 -0.3796
vn -0.8240 0.1069 -0.5565
vn -0.8977 0.0555 -0.4371
vn -0.9958 0.0161 -0.0904
vn -0.9325 0.0418 -0.3588
vn -0.9482 -0.1162 0.2958
vn -0.8329 -0.0967 0.5450
vn -0.7635 -0.2727 0.5854
vn 0.4526 -0.1349 0.8815
vn -0.4261 -0.2554 0.8679
vn 0.6144 -0.1076 0.7817
vn -0.0261 -0.1829 0.9828
vn 0.4042 -0.1596 0.9006
vn 0.3801 -0.1360 0.9149
vn 0.6619 -0.1378 0.7368
vn 0.7454 -0.0869 0.6609
vn 0.8696 -0.0910 0.4853
vn 0.7085 -0.0935 0.6995
vn 0.9972 -0.0136 0.0740
vn 0.8172 -0.0806 0.5707
vn 0.8952 -0.0086 -0.4455
vn 0.8482 0.0887 -0.5222
vn 0.6245 -0.0973 -0.7750
vn -0.3748 0.1333 -0.9175
vn 0.4642 0.0315 -0.8852
vn -0.0083 0.1657 -0.9861
vn -0.4252 0.1384 -0.8945
vn -0.7986 0.0757 -0.5970
vn -0.9866 -0.0013 -0.1634
vn -0.9657 -0.0610 0.2526
vn -0.7982 -0.0948 0.5949
vn -0.2854 -0.1465 0.9472
vn 0.3010 -0.1405 0.9432
vn 0.6392 -0.0996 0.7626
vn 0.8852 -0.0411 0.4633
vn 0.9832 0.0239 0.1811
vn 0.9448 0.1229 -0.3036
vn 0.5186 0.1800 -0.8358
vn 0.1001 0.2275 -0.9686
vn -0.8308 0.0909 -0.5491
vn -0.9025 -0.1261 0.4119
vn -0.1010 -0.2116 0.9721
vn 0.8166 -0.0825 0.5712
vn 0.9118 0.1371 -0.3871
vn 0.0669 0.4281 -0.9012
vn -0.9188 0.0927 -0.3836
vn -0.6534 -0.3648 0.6633
vn 0.5221 -0.3053 0.7964
vn 0.9676 0.1823 -0.1745
vn 0.0668 0.4282 -0.9012
vn 0.0733 0.5500 -0.8319
vn -0.9166 0.1108 -0.3840
vn -0.6300 -0.4681 0.6197
vn 0.5516 -0.3696 0.7478
vn 0.9603 0.2438 -0.1356
vn 0.0373 0.6764 -0.7356
vn -0.9887 -0.0816 -0.1262
vn -0.0432 -0.6483 0.7602
vn 0.9822 0.1122 0.1506
vn 0.0372 0.6764 -0.7356
vn -0.9867 -0.0918 -0.1343
vn -0.9867 -0.0917 -0.1343
vn -0.9867 -0.0917 -0.1344
vn -0.0323 0.2059 -0.9780
vn -0.6327 0.2832 -0.7207
vn -0.2014 0.2287 -0.9524
vn -0.8981 0.1337 -0.4190
vn -0.9803 0.1796 -0.0823
vn -0.9935 -0.0636 -0.0946
vn -0.4043 -0.1221 0.9064
vn -0.9651 -0.0114 0.2615
vn -0.2434 -0.1476 0.9586
vn -0.8257 0.0140 0.5639
vn -0.3451 -0.1278 0.9298
vn -0.4799 -0.1030 0.8712
vn 0.0408 -0.2087 0.9771
vn -0.0576 -0.2032 0.9774
vn 0.4390 -0.2519 0.8624
vn 0.2940 -0.2522 0.9220
vn 0.7829 -0.2526 0.5685
vn 0.6563 -0.2701 0.7045
vn 0.8522 -0.2555 0.4566
vn 0.9582 -0.2034 0.2014
vn 0.9512 -0.2163 0.2198
vn 0.9144 -0.2196 0.3401
vn 0.9781 -0.1300 -0.1625
vn 0.9547 -0.2011 0.2193
vn 0.7818 -0.0936 -0.6165
vn 0.6890 0.0264 -0.7243
vn 0.4071 -0.1208 -0.9054
vn -0.6346 0.2595 -0.7280
vn 0.0193 0.0710 -0.9973
vn -0.8288 0.2457 -0.5027
vn -0.3111 0.2622 -0.9135
vn -0.6326 0.2833 -0.7208
vn -0.5036 0.2841 -0.8159
vn -0.8883 0.2852 -0.3601
vn -0.9340 0.1708 0.3139
vn -0.7974 0.0432 0.6018
vn -0.6420 -0.0507 0.7650
vn -0.1435 -0.1910 0.9710
vn 0.3858 -0.2702 0.8821
vn 0.7733 -0.2722 0.5726
vn 0.9733 -0.2061 0.1006
vn 0.9726 -0.1336 -0.1905
vn 0.7785 0.0598 -0.6248
vn 0.0929 0.2460 -0.9648
vn -0.2918 0.2702 -0.9175
vn -0.5035 0.2841 -0.8159
vn -0.6123 0.4004 -0.6817
vn -0.9561 0.2865 -0.0609
vn -0.7793 0.0076 0.6266
vn -0.1431 -0.2595 0.9551
vn 0.5245 -0.3808 0.7615
vn 0.9551 -0.2800 0.0973
vn 0.7533 0.0282 -0.6571
vn 0.0842 0.3020 -0.9496
vn -0.6123 0.4004 -0.6818
vn -0.5311 0.5940 -0.6043
vn -0.9223 0.3683 0.1171
vn -0.5859 -0.1681 0.7928
vn 0.1044 -0.5113 0.8531
vn 0.7455 -0.5424 0.3872
vn 0.8794 -0.1371 -0.4559
vn 0.2507 0.3892 -0.8864
vn -0.5310 0.5940 -0.6043
vn -0.3220 0.8843 -0.3381
vn -0.8082 0.4464 0.3842
vn -0.5032 -0.4393 0.7442
vn 0.2984 -0.8733 0.3850
vn 0.8172 -0.4772 -0.3233
vn 0.5232 0.4390 -0.7304
vn -0.3220 0.8843 -0.3380
vn -0.0002 1.0000 0.0005
vn -0.7095 0.3111 0.6323
vn -0.4240 -0.8133 0.3984
vn 0.4411 -0.8189 -0.3671
vn 0.7320 0.2632 -0.6284
vn -0.0002 1.0000 0.0006
vn 0.3009 0.8988 0.3187
vn -0.6064 0.2428 0.7572
vn -0.6501 -0.7398 0.1735
vn 0.1754 -0.7517 -0.6357
vn 0.7902 0.2589 -0.5555
vn 0.3009 0.8988 0.3188
vn 0.4613 0.7499 0.4742
vn -0.6907 -0.0313 0.7225
vn -0.4366 -0.7787 -0.4505
vn 0.7132 0.0052 -0.7009
vn 0.4613 0.7498 0.4743
vn 0.6005 0.6274 0.4957
vn -0.8589 -0.4149 0.3003
vn 0.3461 -0.3170 -0.8830
vn -0.6922 -0.0319 0.7210
vn -0.6922 -0.0318 0.7210
vn -0.9626 0.2195 -0.1590
vn -0.9641 0.2131 -0.1582
vn -0.9385 0.1961 0.2843
vn -0.9609 0.2000 0.1913
vn -0.7202 0.1315 0.6812
vn -0.8787 0.1785 0.4427
vn -0.3960 0.0536 0.9167
vn -0.5997 0.1176 0.7915
vn -0.0665 -0.0214 0.9976
vn -0.1303 0.0075 0.9914
vn 0.0001 -0.0380 0.9993
vn 0.1716 -0.0592 0.9834
vn -0.0942 -0.0137 0.9955
vn 0.4401 -0.1333 0.8880
vn 0.4041 -0.1184 0.9070
vn 0.7232 -0.2887 0.6274
vn 0.7996 -0.1494 -0.5817
vn 0.9015 -0.3242 0.2866
vn 0.9355 -0.3178 -0.1545
vn 0.4187 -0.0543 -0.9065
vn 0.8119 -0.1649 -0.5601
vn 0.9514 -0.1940 -0.2390
vn 0.5207 -0.0803 -0.8499
vn 0.8423 -0.1633 -0.5136
vn 0.0296 -0.0758 -0.9967
vn -0.5832 0.1591 -0.7966
vn -0.2909 -0.0409 -0.9559
vn -0.9448 0.2208 -0.2420
vn -0.5726 0.1221 -0.8107
vn -0.9429 0.2186 -0.2515
vn -0.8420 0.1994 -0.5012
vn -0.9626 0.2195 -0.1591
vn -0.9641 0.2131 -0.1583
vn -0.9475 0.2297 -0.2223
vn -0.9647 0.2329 0.1228
vn -0.7806 0.1813 0.5982
vn -0.3435 0.0724 0.9363
vn 0.1813 -0.0514 0.9821
vn 0.5748 -0.1404 0.8062
vn 0.8773 -0.1808 0.4445
vn 0.9696 -0.1915 -0.1524
vn 0.7944 -0.1764 -0.5812
vn 0.6167 -0.1301 -0.7764
vn 0.1088 0.0214 -0.9938
vn -0.5242 0.1445 -0.8393
vn -0.8083 0.2009 -0.5535
vn -0.9475 0.2296 -0.2224
vn -0.9517 0.2955 -0.0831
vn -0.7572 0.2580 0.6000
vn -0.2850 0.1191 0.9511
vn 0.3932 -0.0944 0.9146
vn 0.9153 -0.2706 0.2982
vn 0.7923 -0.2564 -0.5537
vn 0.1038 -0.0492 -0.9934
vn -0.6084 0.1740 -0.7743
vn -0.8867 0.4321 -0.1645
vn -0.6937 0.3798 0.6119
vn -0.0704 0.0980 0.9927
vn 0.6980 -0.2973 0.6515
vn 0.8628 -0.4275 -0.2698
vn 0.2953 -0.1877 -0.9368
vn -0.4593 0.1801 -0.8699
vn -0.6945 0.6831 -0.2258
vn -0.4249 0.5374 0.7285
vn 0.2617 -0.1167 0.9581
vn 0.7087 -0.6701 0.2209
vn 0.4331 -0.5306 -0.7286
vn -0.2501 0.1224 -0.9605
vn -0.6945 0.6831 -0.2257
vn -0.3794 0.8783 -0.2909
vn -0.1190 0.5698 0.8132
vn 0.3198 -0.5482 0.7728
vn 0.3113 -0.8873 -0.3402
vn -0.1136 -0.0081 -0.9935
vn 0.0179 0.9229 -0.3846
vn 0.0989 0.5974 0.7958
vn 0.0454 -0.6133 0.7885
vn -0.0555 -0.9420 -0.3309
vn -0.0682 -0.0382 -0.9969
vn 0.0179 0.9230 -0.3845
vn 0.3109 0.8884 -0.3379
vn 0.1179 0.3169 0.9411
vn -0.2869 -0.8963 0.3380
vn -0.0936 -0.3250 -0.9411
vn 0.3109 0.8884 -0.3378
vn 0.5073 0.7990 -0.3227
vn -0.1617 -0.1519 0.9751
vn -0.3229 -0.7116 -0.6240
vn 0.5074 0.7990 -0.3227
vn 0.0939 0.3266 0.9405
vn 0.0939 0.3265 0.9405
vn 0.0940 0.3266 0.9405
vt 0.560944 0.532797
vt 0.555440 0.705288
vt 0.643564 0.727111
vt 0.632761 0.546584
vt 0.495378 0.513613
vt 0.474998 0.653019
vt 0.535779 0.920989
vt 0.545614 0.843601
vt 0.455458 0.814769
vt 0.436981 0.865382
vt 0.652525 0.836959
vt 0.719362 0.713977
vt 0.796364 0.658114
vt 0.784610 0.531207
vt 0.710483 0.545436
vt 0.570935 0.237340
vt 0.621785 0.247538
vt 0.616729 0.077101
vt 0.824418 0.343811
vt 0.695824 0.394784
vt 0.679640 0.243744
vt 0.735393 0.200505
vt 0.626878 0.390630
vt 0.505540 0.188881
vt 0.430936 0.338324
vt 0.563135 0.387763
vt 0.879378 0.486278
vt 0.366063 0.746651
vt 0.891769 0.609386
vt 0.386163 0.477030
vt 0.810264 0.811221
vt 0.838180 0.904140
vt 0.899498 0.764137
vt 0.369489 0.566176
vt 0.726367 0.832105
vt 0.362114 0.720706
vt 0.736374 0.864841
vt 0.657193 0.835532
vt 0.558498 0.534092
vt 0.552692 0.710101
vt 0.639038 0.732780
vt 0.628837 0.549360
vt 0.495806 0.514940
vt 0.470789 0.658463
vt 0.532467 0.928777
vt 0.542609 0.849020
vt 0.450253 0.818493
vt 0.430202 0.876359
vt 0.650661 0.845189
vt 0.714377 0.717922
vt 0.794401 0.664863
vt 0.780263 0.535547
vt 0.705379 0.549164
vt 0.570202 0.233088
vt 0.620826 0.243301
vt 0.615850 0.069312
vt 0.818487 0.348660
vt 0.692523 0.395624
vt 0.680267 0.239556
vt 0.740373 0.194170
vt 0.623917 0.390646
vt 0.508383 0.183733
vt 0.425854 0.335866
vt 0.560293 0.387117
vt 0.881751 0.494004
vt 0.362027 0.785783
vt 0.891472 0.620483
vt 0.384581 0.473211
vt 0.808852 0.814248
vt 0.841178 0.916423
vt 0.899585 0.761970
vt 0.364327 0.568372
vt 0.726172 0.840406
vt 0.373219 0.738409
vt 0.740029 0.899106
vt 0.654070 0.833603
vt 0.558332 0.527032
vt 0.556290 0.709131
vt 0.641986 0.729309
vt 0.626075 0.543247
vt 0.498035 0.505052
vt 0.475812 0.655334
vt 0.539657 0.942536
vt 0.552207 0.855319
vt 0.464884 0.826845
vt 0.443749 0.883112
vt 0.652887 0.847436
vt 0.718741 0.721337
vt 0.794864 0.659202
vt 0.773799 0.526723
vt 0.700842 0.542440
vt 0.578168 0.219836
vt 0.624272 0.230931
vt 0.622675 0.055553
vt 0.824166 0.337869
vt 0.685544 0.385770
vt 0.680253 0.228245
vt 0.741736 0.181259
vt 0.619285 0.379721
vt 0.516881 0.172029
vt 0.420452 0.313258
vt 0.559590 0.374399
vt 0.875047 0.475584
vt 0.364773 0.768828
vt 0.899732 0.614148
vt 0.394344 0.456665
vt 0.806378 0.830601
vt 0.846174 0.937176
vt 0.894445 0.773353
vt 0.369470 0.549554
vt 0.723543 0.847010
vt 0.361880 0.729984
vt 0.735699 0.881890
vt 0.661735 0.846862
vt 0.555865 0.528829
vt 0.553361 0.688447
vt 0.639697 0.706067
vt 0.627210 0.541335
vt 0.491772 0.512041
vt 0.471368 0.642835
vt 0.531000 0.884606
vt 0.539372 0.813594
vt 0.447110 0.783222
vt 0.428916 0.831187
vt 0.650394 0.805823
vt 0.715409 0.690942
vt 0.793874 0.641962
vt 0.777918 0.527280
vt 0.704166 0.539842
vt 0.569165 0.258967
vt 0.619033 0.268200
vt 0.616956 0.113483
vt 0.824525 0.359705
vt 0.690011 0.402317
vt 0.676587 0.264909
vt 0.736233 0.229762
vt 0.621391 0.398934
vt 0.504202 0.216752
vt 0.425174 0.351874
vt 0.558242 0.396220
vt 0.872339 0.479554
vt 0.363832 0.755103
vt 0.897781 0.603679
vt 0.388076 0.468416
vt 0.812934 0.774460
vt 0.840384 0.866336
vt 0.895258 0.711114
vt 0.365424 0.556520
vt 0.728114 0.802008
vt 0.369016 0.723538
vt 0.739410 0.865849
vt 0.651990 0.794555
vt 0.577878 0.524942
vt 0.572780 0.681217
vt 0.661455 0.703958
vt 0.650900 0.535329
vt 0.511570 0.509710
vt 0.489590 0.637184
vt 0.538006 0.886943
vt 0.554199 0.811698
vt 0.465462 0.797216
vt 0.446082 0.848778
vt 0.658448 0.810167
vt 0.740249 0.690741
vt 0.810944 0.647267
vt 0.796432 0.516160
vt 0.726510 0.532393
vt 0.574355 0.240678
vt 0.625342 0.248257
vt 0.613689 0.085454
vt 0.822771 0.333544
vt 0.704467 0.387368
vt 0.681940 0.242487
vt 0.738518 0.200049
vt 0.636303 0.386878
vt 0.508406 0.195876
vt 0.430262 0.341730
vt 0.572031 0.387387
vt 0.882649 0.464509
vt 0.370989 0.727782
vt 0.895638 0.596986
vt 0.395488 0.475813
vt 0.807912 0.812788
vt 0.833058 0.912635
vt 0.904813 0.779717
vt 0.380026 0.562745
vt 0.727034 0.815061
vt 0.356800 0.695348
vt 0.740785 0.846953
vt 0.662198 0.810323
vt 0.557934 0.532221
vt 0.554365 0.712639
vt 0.639370 0.732584
vt 0.628810 0.547255
vt 0.494011 0.511275
vt 0.475013 0.655257
vt 0.533865 0.932025
vt 0.543074 0.852662
vt 0.451216 0.818548
vt 0.432411 0.869706
vt 0.651684 0.843044
vt 0.713195 0.714615
vt 0.792478 0.661406
vt 0.780704 0.532371
vt 0.705575 0.546645
vt 0.571482 0.231279
vt 0.620703 0.241472
vt 0.618729 0.066064
vt 0.824388 0.346547
vt 0.689156 0.392384
vt 0.677851 0.237584
vt 0.739480 0.197937
vt 0.621585 0.387543
vt 0.509977 0.185194
vt 0.422209 0.330549
vt 0.559506 0.383344
vt 0.881035 0.487105
vt 0.362994 0.770892
vt 0.891370 0.606093
vt 0.389475 0.469470
vt 0.812859 0.808418
vt 0.843710 0.909681
vt 0.898619 0.744066
vt 0.373681 0.572082
vt 0.728852 0.837932
vt 0.366095 0.734879
vt 0.742309 0.908621
vt 0.654072 0.829578
vt 0.564716 0.515219
vt 0.557804 0.645550
vt 0.645845 0.661069
vt 0.636371 0.523348
vt 0.499104 0.503117
vt 0.475358 0.608082
vt 0.532902 0.822904
vt 0.542725 0.756234
vt 0.454458 0.733754
vt 0.434689 0.777728
vt 0.652145 0.750025
vt 0.722838 0.644457
vt 0.799085 0.604074
vt 0.784605 0.506785
vt 0.712666 0.519823
vt 0.571868 0.296549
vt 0.621583 0.302212
vt 0.614383 0.175185
vt 0.825419 0.364625
vt 0.695104 0.407917
vt 0.678532 0.297907
vt 0.733418 0.263241
vt 0.628056 0.407492
vt 0.507166 0.262226
vt 0.422977 0.371096
vt 0.565301 0.407656
vt 0.875465 0.470587
vt 0.363850 0.699155
vt 0.900653 0.568575
vt 0.389111 0.479062
vt 0.811476 0.730568
vt 0.842060 0.811884
vt 0.893110 0.678492
vt 0.372960 0.548152
vt 0.726501 0.745345
vt 0.360959 0.669331
vt 0.737181 0.777563
vt 0.659037 0.751170
vt 0.568707 0.531838
vt 0.564938 0.713838
vt 0.652069 0.739824
vt 0.640435 0.545751
vt 0.504995 0.512025
vt 0.481930 0.660706
vt 0.536528 0.943776
vt 0.552397 0.860711
vt 0.462916 0.836240
vt 0.441742 0.891721
vt 0.654200 0.859928
vt 0.727767 0.730304
vt 0.801369 0.673573
vt 0.786789 0.526988
vt 0.715560 0.543827
vt 0.570725 0.205424
vt 0.620475 0.216709
vt 0.617927 0.032887
vt 0.819883 0.318198
vt 0.694994 0.378492
vt 0.676441 0.212586
vt 0.739160 0.166839
vt 0.626862 0.375474
vt 0.507618 0.150122
vt 0.430452 0.314590
vt 0.563567 0.373458
vt 0.882789 0.473548
vt 0.364869 0.779711
vt 0.893966 0.620777
vt 0.391400 0.468432
vt 0.804635 0.851567
vt 0.832980 0.965202
vt 0.902065 0.804123
vt 0.373842 0.569015
vt 0.722922 0.862328
vt 0.359548 0.737574
vt 0.737566 0.903054
vt 0.656640 0.853395
vt 0.117891 0.851763
vt 0.142103 0.920268
vt 0.127332 0.851010
vt 0.145738 0.919009
vt 0.139294 0.850351
vt 0.149258 0.918321
vt 0.152103 0.850302
vt 0.152520 0.918061
vt 0.159666 0.849983
vt 0.155822 0.918083
vt 0.163233 0.849990
vt 0.159095 0.918131
vt 0.166851 0.850104
vt 0.162149 0.918229
vt 0.170486 0.850315
vt 0.164956 0.918379
vt 0.174120 0.850629
vt 0.167583 0.918580
vt 0.170318 0.918785
vt 0.177724 0.850914
vt 0.173542 0.919091
vt 0.181255 0.851316
vt 0.176905 0.919456
vt 0.187779 0.852487
vt 0.180286 0.919990
vt 0.200757 0.854194
vt 0.183774 0.920802
vt 0.211747 0.856171
vt 0.187204 0.922183
vt 0.221812 0.858287
vt 0.190481 0.924064
vt 0.224833 0.858989
vt 0.193824 0.925994
vt 0.155083 0.707800
vt 0.159041 0.708174
vt 0.163337 0.708451
vt 0.167667 0.708568
vt 0.171499 0.708622
vt 0.175064 0.708734
vt 0.178706 0.708907
vt 0.182325 0.709064
vt 0.186183 0.709296
vt 0.190254 0.709617
vt 0.194528 0.709925
vt 0.198837 0.710102
vt 0.202954 0.710118
vt 0.206670 0.710158
vt 0.161993 0.574262
vt 0.167222 0.574555
vt 0.173259 0.574835
vt 0.179917 0.575088
vt 0.186640 0.575412
vt 0.192856 0.575541
vt 0.198459 0.575689
vt 0.203507 0.575765
vt 0.208094 0.575803
vt 0.167913 0.480009
vt 0.174117 0.480366
vt 0.180065 0.480665
vt 0.185810 0.480886
vt 0.191292 0.480975
vt 0.196399 0.480997
vt 0.201980 0.481045
vt 0.208105 0.481105
vt 0.171682 0.410027
vt 0.177434 0.410358
vt 0.182974 0.410648
vt 0.189508 0.411057
vt 0.196769 0.411145
vt 0.203621 0.411189
vt 0.209846 0.411190
vt 0.176410 0.330098
vt 0.183022 0.330503
vt 0.189610 0.330852
vt 0.195907 0.331202
vt 0.201999 0.331266
vt 0.208324 0.331209
vt 0.180210 0.266601
vt 0.186210 0.267073
vt 0.192321 0.267450
vt 0.197972 0.267618
vt 0.203302 0.267699
vt 0.208771 0.267676
vt 0.186302 0.203432
vt 0.191569 0.203844
vt 0.197235 0.204255
vt 0.202711 0.204328
vt 0.207794 0.204281
vt 0.192620 0.140269
vt 0.196768 0.139476
vt 0.201326 0.139673
vt 0.205300 0.140700
vt 0.177421 0.076908
vt 0.201978 0.074006
vt 0.223933 0.078394
vt 0.126021 0.861167
vt 0.142939 0.933802
vt 0.128955 0.861001
vt 0.145203 0.933069
vt 0.131860 0.860896
vt 0.147636 0.932360
vt 0.134728 0.860856
vt 0.150363 0.931635
vt 0.137705 0.860731
vt 0.153262 0.930894
vt 0.148151 0.860596
vt 0.156278 0.930411
vt 0.155390 0.860676
vt 0.159276 0.930120
vt 0.165651 0.861244
vt 0.162236 0.930229
vt 0.169793 0.861610
vt 0.165219 0.930432
vt 0.168209 0.930597
vt 0.178501 0.862342
vt 0.171125 0.931008
vt 0.189508 0.863756
vt 0.173869 0.931741
vt 0.201006 0.865883
vt 0.176356 0.932664
vt 0.207922 0.866802
vt 0.178911 0.933844
vt 0.210867 0.867266
vt 0.181454 0.935062
vt 0.213798 0.867795
vt 0.183868 0.936282
vt 0.216703 0.868399
vt 0.186038 0.937457
vt 0.157028 0.715775
vt 0.160625 0.715925
vt 0.164267 0.716087
vt 0.167870 0.716200
vt 0.171394 0.716319
vt 0.174988 0.716386
vt 0.178568 0.716485
vt 0.181688 0.716572
vt 0.184928 0.716734
vt 0.188557 0.716896
vt 0.192180 0.717047
vt 0.195361 0.717135
vt 0.198684 0.717285
vt 0.202152 0.717392
vt 0.171409 0.409727
vt 0.176649 0.410098
vt 0.181586 0.410694
vt 0.186445 0.411175
vt 0.191920 0.411086
vt 0.197512 0.410614
vt 0.202849 0.410316
vt 0.173472 0.326581
vt 0.179953 0.326885
vt 0.185965 0.327076
vt 0.191016 0.327229
vt 0.195920 0.327222
vt 0.201926 0.327134
vt 0.177993 0.260618
vt 0.182620 0.260855
vt 0.187006 0.261017
vt 0.191389 0.261069
vt 0.195956 0.261092
vt 0.200766 0.261047
vt 0.181312 0.195412
vt 0.185916 0.195628
vt 0.190718 0.195888
vt 0.195418 0.195920
vt 0.199931 0.195870
vt 0.186172 0.130367
vt 0.189783 0.129593
vt 0.193640 0.129700
vt 0.196965 0.130543
vt 0.168829 0.066012
vt 0.193382 0.062543
vt 0.216540 0.066881
vt 0.128778 0.889574
vt 0.147028 0.965089
vt 0.138515 0.888650
vt 0.149485 0.964397
vt 0.144977 0.888241
vt 0.152161 0.963831
vt 0.153418 0.888014
vt 0.154880 0.963631
vt 0.157034 0.887812
vt 0.157490 0.963508
vt 0.159615 0.887756
vt 0.160112 0.963410
vt 0.162347 0.887766
vt 0.162859 0.963332
vt 0.165223 0.887842
vt 0.165721 0.963277
vt 0.168153 0.887990
vt 0.168681 0.963247
vt 0.171657 0.963190
vt 0.175817 0.888418
vt 0.174610 0.963361
vt 0.186926 0.889479
vt 0.177487 0.963931
vt 0.198062 0.891092
vt 0.180127 0.964704
vt 0.205865 0.891925
vt 0.182652 0.965694
vt 0.208512 0.892267
vt 0.185114 0.966686
vt 0.211119 0.892669
vt 0.187454 0.967666
vt 0.213946 0.893186
vt 0.189667 0.968650
vt 0.156817 0.731022
vt 0.160115 0.731212
vt 0.163452 0.731282
vt 0.166590 0.731343
vt 0.169510 0.731366
vt 0.172674 0.731436
vt 0.175900 0.731551
vt 0.179043 0.731655
vt 0.182424 0.731817
vt 0.186016 0.731989
vt 0.189673 0.732025
vt 0.193235 0.732029
vt 0.196740 0.732018
vt 0.200178 0.732054
vt 0.162150 0.583716
vt 0.166429 0.583850
vt 0.170502 0.583954
vt 0.175295 0.584080
vt 0.180667 0.584245
vt 0.186069 0.584298
vt 0.191161 0.584370
vt 0.195860 0.584391
vt 0.200249 0.584382
vt 0.165298 0.479559
vt 0.170274 0.479733
vt 0.175356 0.479904
vt 0.180248 0.480055
vt 0.185039 0.480096
vt 0.189619 0.480067
vt 0.193859 0.480048
vt 0.198349 0.480038
vt 0.168291 0.402078
vt 0.173285 0.402251
vt 0.177637 0.402381
vt 0.182245 0.402548
vt 0.187974 0.402561
vt 0.194119 0.402541
vt 0.199944 0.402521
vt 0.171169 0.313628
vt 0.176300 0.313841
vt 0.181902 0.313999
vt 0.187511 0.314183
vt 0.192850 0.314190
vt 0.197848 0.314097
vt 0.174555 0.243743
vt 0.179085 0.243981
vt 0.183561 0.244189
vt 0.188103 0.244259
vt 0.192540 0.244257
vt 0.197237 0.244173
vt 0.177745 0.174126
vt 0.182983 0.174377
vt 0.187421 0.174596
vt 0.191357 0.174614
vt 0.196238 0.174564
vt 0.183574 0.104318
vt 0.186753 0.103620
vt 0.190108 0.103678
vt 0.193346 0.104506
vt 0.165803 0.035142
vt 0.188848 0.031350
vt 0.213830 0.035853
vt 0.147294 0.827900
vt 0.175645 0.887606
vt 0.160487 0.825319
vt 0.178651 0.886362
vt 0.170389 0.823985
vt 0.181752 0.885491
vt 0.182831 0.823016
vt 0.184939 0.885221
vt 0.186183 0.822596
vt 0.188109 0.884968
vt 0.189445 0.822331
vt 0.191166 0.884755
vt 0.192688 0.822169
vt 0.193971 0.884600
vt 0.195910 0.822094
vt 0.196745 0.884497
vt 0.199037 0.822099
vt 0.199628 0.884437
vt 0.202525 0.884361
vt 0.202116 0.822059
vt 0.205595 0.884314
vt 0.205230 0.822121
vt 0.208857 0.884278
vt 0.215378 0.823018
vt 0.212210 0.884572
vt 0.224935 0.823355
vt 0.215486 0.885165
vt 0.237006 0.824505
vt 0.218516 0.886217
vt 0.242680 0.825226
vt 0.221415 0.887415
vt 0.248812 0.826178
vt 0.224256 0.888754
vt 0.169190 0.694382
vt 0.174203 0.694309
vt 0.179333 0.693936
vt 0.183440 0.693591
vt 0.187216 0.693297
vt 0.190855 0.692993
vt 0.194264 0.692807
vt 0.197453 0.692662
vt 0.200469 0.692618
vt 0.204121 0.692566
vt 0.208441 0.692683
vt 0.212859 0.692648
vt 0.217308 0.692636
vt 0.221890 0.692543
vt 0.167009 0.420731
vt 0.173006 0.420832
vt 0.179002 0.421313
vt 0.184997 0.421543
vt 0.191146 0.420969
vt 0.197028 0.419970
vt 0.202722 0.419188
vt 0.165489 0.347280
vt 0.171011 0.347068
vt 0.177274 0.346792
vt 0.184544 0.346523
vt 0.191536 0.346100
vt 0.197564 0.345687
vt 0.164517 0.288293
vt 0.169360 0.288043
vt 0.175362 0.287932
vt 0.181652 0.287614
vt 0.187264 0.287322
vt 0.192065 0.287058
vt 0.165633 0.232344
vt 0.169744 0.229648
vt 0.175666 0.229785
vt 0.181244 0.229374
vt 0.185230 0.231461
vt 0.093746 0.138506
vt 0.172238 0.111246
vt 0.248978 0.131562
vt 0.121798 0.835776
vt 0.131588 0.906266
vt 0.125178 0.835717
vt 0.134490 0.905556
vt 0.128488 0.835717
vt 0.137431 0.904932
vt 0.131894 0.835784
vt 0.140553 0.904353
vt 0.135406 0.835760
vt 0.143745 0.903828
vt 0.138935 0.835822
vt 0.146898 0.903372
vt 0.144742 0.836069
vt 0.150010 0.903031
vt 0.155531 0.836890
vt 0.153310 0.902910
vt 0.164135 0.838008
vt 0.156811 0.903116
vt 0.160467 0.903467
vt 0.173963 0.839216
vt 0.164091 0.904197
vt 0.177526 0.839807
vt 0.167654 0.904903
vt 0.183638 0.841245
vt 0.171084 0.905705
vt 0.196042 0.843429
vt 0.174296 0.906800
vt 0.205402 0.845541
vt 0.177404 0.908113
vt 0.217548 0.848845
vt 0.180153 0.909916
vt 0.220926 0.849838
vt 0.182727 0.911671
vt 0.156517 0.698891
vt 0.159853 0.699206
vt 0.163399 0.699516
vt 0.167426 0.699921
vt 0.171647 0.700267
vt 0.176031 0.700701
vt 0.180842 0.701231
vt 0.185715 0.701541
vt 0.190012 0.701859
vt 0.193972 0.702219
vt 0.197925 0.702557
vt 0.202118 0.702832
vt 0.206258 0.702915
vt 0.209879 0.702995
vt 0.165320 0.570313
vt 0.169962 0.570533
vt 0.175308 0.570779
vt 0.181047 0.570983
vt 0.187203 0.571252
vt 0.193678 0.571302
vt 0.199759 0.571383
vt 0.205292 0.571417
vt 0.210596 0.571383
vt 0.168764 0.478746
vt 0.174845 0.479011
vt 0.180945 0.479289
vt 0.186824 0.479519
vt 0.192527 0.479614
vt 0.197915 0.479563
vt 0.202920 0.479537
vt 0.208430 0.479509
vt 0.172294 0.411816
vt 0.178490 0.412169
vt 0.184157 0.412424
vt 0.189867 0.412635
vt 0.196279 0.412631
vt 0.202758 0.412538
vt 0.209243 0.412455
vt 0.176915 0.336805
vt 0.182984 0.337129
vt 0.188462 0.337288
vt 0.194731 0.337488
vt 0.201054 0.337514
vt 0.207232 0.337388
vt 0.179776 0.275997
vt 0.185189 0.276329
vt 0.190471 0.276625
vt 0.196133 0.276780
vt 0.201491 0.276829
vt 0.206913 0.276771
vt 0.184561 0.214503
vt 0.189500 0.214812
vt 0.194985 0.215204
vt 0.200632 0.215245
vt 0.205758 0.215171
vt 0.190060 0.152909
vt 0.194218 0.152063
vt 0.198835 0.152248
vt 0.203102 0.153309
vt 0.174064 0.091399
vt 0.199428 0.088329
vt 0.220659 0.092435
vt 0.164145 0.867107
vt 0.178951 0.940375
vt 0.167130 0.866818
vt 0.181499 0.939528
vt 0.170039 0.866588
vt 0.184213 0.938709
vt 0.172872 0.866417
vt 0.187097 0.937904
vt 0.175665 0.866180
vt 0.190110 0.937095
vt 0.180788 0.865876
vt 0.193148 0.936383
vt 0.190270 0.865538
vt 0.196221 0.935888
vt 0.198326 0.865507
vt 0.199326 0.935730
vt 0.205668 0.865768
vt 0.202370 0.935869
vt 0.205350 0.935980
vt 0.208781 0.865836
vt 0.208203 0.936111
vt 0.212098 0.866024
vt 0.211005 0.936262
vt 0.215540 0.866376
vt 0.213844 0.936441
vt 0.223571 0.866919
vt 0.216656 0.936814
vt 0.236213 0.868410
vt 0.219341 0.937666
vt 0.247907 0.870586
vt 0.221622 0.938626
vt 0.257815 0.872963
vt 0.223760 0.939861
vt 0.187489 0.720102
vt 0.191234 0.719885
vt 0.194887 0.719702
vt 0.198458 0.719491
vt 0.201935 0.719323
vt 0.205442 0.719152
vt 0.209223 0.719038
vt 0.213005 0.718946
vt 0.216367 0.718952
vt 0.219623 0.718970
vt 0.222949 0.719065
vt 0.226823 0.719106
vt 0.230895 0.719095
vt 0.234903 0.718901
vt 0.177311 0.410903
vt 0.182993 0.410948
vt 0.188399 0.411220
vt 0.193771 0.411211
vt 0.199214 0.410544
vt 0.204564 0.409560
vt 0.210113 0.408736
vt 0.173900 0.327197
vt 0.179272 0.326858
vt 0.184735 0.326499
vt 0.190327 0.326148
vt 0.195856 0.325698
vt 0.201393 0.325203
vt 0.170078 0.260430
vt 0.175096 0.260012
vt 0.180399 0.259715
vt 0.185623 0.259316
vt 0.190391 0.259007
vt 0.195281 0.258699
vt 0.169236 0.196669
vt 0.173005 0.193978
vt 0.178217 0.193827
vt 0.183266 0.193403
vt 0.187238 0.195442
vt 0.084774 0.092892
vt 0.169605 0.059625
vt 0.257950 0.081189
vt 0.128280 0.770195
vt 0.151676 0.820088
vt 0.135348 0.768911
vt 0.154208 0.818912
vt 0.144847 0.767504
vt 0.156814 0.818040
vt 0.154222 0.766570
vt 0.159447 0.817567
vt 0.160756 0.765649
vt 0.162080 0.817345
vt 0.163748 0.765368
vt 0.164802 0.817150
vt 0.166716 0.765187
vt 0.167516 0.816994
vt 0.169683 0.765088
vt 0.170144 0.816889
vt 0.172644 0.765072
vt 0.172745 0.816833
vt 0.175291 0.816779
vt 0.175559 0.765042
vt 0.177859 0.816764
vt 0.178423 0.765114
vt 0.180631 0.816778
vt 0.184562 0.765664
vt 0.183572 0.816932
vt 0.194501 0.766082
vt 0.186536 0.817461
vt 0.203190 0.766943
vt 0.189358 0.818317
vt 0.211944 0.768133
vt 0.191950 0.819530
vt 0.214444 0.768525
vt 0.194466 0.820742
vt 0.146008 0.658954
vt 0.149564 0.659014
vt 0.153158 0.658936
vt 0.156527 0.658747
vt 0.159666 0.658528
vt 0.163134 0.658347
vt 0.166693 0.658211
vt 0.170297 0.658049
vt 0.173905 0.657948
vt 0.177437 0.657931
vt 0.181466 0.657890
vt 0.185493 0.657706
vt 0.189277 0.657398
vt 0.192580 0.657166
vt 0.145651 0.557788
vt 0.150182 0.557696
vt 0.154735 0.557558
vt 0.159332 0.557384
vt 0.164010 0.557224
vt 0.169083 0.556903
vt 0.174300 0.556615
vt 0.179313 0.556287
vt 0.184046 0.555933
vt 0.143773 0.486561
vt 0.148727 0.486432
vt 0.153552 0.486287
vt 0.158018 0.486159
vt 0.162743 0.485929
vt 0.167992 0.485565
vt 0.173364 0.485179
vt 0.178538 0.484788
vt 0.142537 0.433945
vt 0.147821 0.433874
vt 0.152857 0.433763
vt 0.157995 0.433680
vt 0.163237 0.433353
vt 0.168700 0.432892
vt 0.174343 0.432376
vt 0.141765 0.374084
vt 0.147354 0.374015
vt 0.152647 0.373870
vt 0.157870 0.373670
vt 0.163020 0.373320
vt 0.168754 0.372797
vt 0.141314 0.326025
vt 0.146300 0.326021
vt 0.150709 0.325969
vt 0.155194 0.325751
vt 0.159933 0.325452
vt 0.164910 0.325006
vt 0.142123 0.277925
vt 0.146584 0.277931
vt 0.151207 0.277922
vt 0.155622 0.277654
vt 0.159874 0.277292
vt 0.143881 0.229819
vt 0.147074 0.228950
vt 0.150958 0.228820
vt 0.154709 0.229483
vt 0.128498 0.182959
vt 0.147167 0.179258
vt 0.165217 0.181292
vt 0.132767 0.893250
vt 0.139666 0.972560
vt 0.135430 0.893142
vt 0.142069 0.972034
vt 0.138015 0.893083
vt 0.144471 0.971574
vt 0.140486 0.893072
vt 0.147056 0.971141
vt 0.142817 0.893023
vt 0.149653 0.970725
vt 0.145100 0.893020
vt 0.152170 0.970347
vt 0.148319 0.893084
vt 0.154704 0.970008
vt 0.157864 0.893546
vt 0.157400 0.969845
vt 0.164671 0.894077
vt 0.160195 0.969857
vt 0.163127 0.969950
vt 0.174476 0.894866
vt 0.166042 0.970397
vt 0.177794 0.895250
vt 0.168941 0.970863
vt 0.186831 0.896835
vt 0.171784 0.971577
vt 0.193784 0.897745
vt 0.174437 0.972436
vt 0.203303 0.899385
vt 0.176830 0.973466
vt 0.207323 0.900182
vt 0.179161 0.974569
vt 0.209957 0.900777
vt 0.181404 0.975669
vt 0.159436 0.734258
vt 0.162300 0.734410
vt 0.165467 0.734558
vt 0.168776 0.734746
vt 0.172152 0.734893
vt 0.175488 0.735086
vt 0.178855 0.735318
vt 0.182264 0.735458
vt 0.185524 0.735587
vt 0.188575 0.735739
vt 0.191958 0.735902
vt 0.195326 0.735965
vt 0.198318 0.735980
vt 0.201136 0.736022
vt 0.164700 0.585277
vt 0.168621 0.585357
vt 0.172241 0.585402
vt 0.176411 0.585438
vt 0.181285 0.585509
vt 0.186611 0.585483
vt 0.191908 0.585496
vt 0.196774 0.585479
vt 0.201154 0.585439
vt 0.166117 0.479541
vt 0.170302 0.479629
vt 0.174676 0.479738
vt 0.179725 0.479878
vt 0.185094 0.479936
vt 0.190260 0.479884
vt 0.194952 0.479809
vt 0.199335 0.479730
vt 0.168609 0.401258
vt 0.173460 0.401400
vt 0.178106 0.401548
vt 0.182973 0.401702
vt 0.187843 0.401662
vt 0.192514 0.401581
vt 0.197371 0.401467
vt 0.170813 0.311731
vt 0.175938 0.311856
vt 0.181101 0.311949
vt 0.186128 0.312045
vt 0.190979 0.312021
vt 0.195795 0.311925
vt 0.172281 0.240497
vt 0.177333 0.240690
vt 0.182311 0.240806
vt 0.186689 0.240813
vt 0.190473 0.240781
vt 0.194642 0.240702
vt 0.176086 0.169650
vt 0.180091 0.169785
vt 0.184389 0.169913
vt 0.188779 0.169866
vt 0.192914 0.169778
vt 0.179423 0.098531
vt 0.182772 0.097754
vt 0.186423 0.097798
vt 0.189715 0.098591
vt 0.160366 0.028391
vt 0.184885 0.024331
vt 0.209666 0.028613
s 1
usemtl elephantMtrl
f 1/1/1 2/2/2 3/3/3
f 3/3/3 4/4/4 1/1/1
f 5/5/5 6/6/6 2/2/2
f 2/2/2 1/1/1 5/5/5
f 7/7/7 8/8/8 9/9/9
f 9/9/9 10/10/10 7/7/7
f 11/11/11 8/8/8 7/7/7
f 12/12/12 13/13/13 14/14/14
f 14/14/14 15/15/15 12/12/12
f 3/3/3 12/12/12 15/15/15
f 15/15/15 4/4/4 3/3/3
f 16/16/16 17/17/17 18/18/18
f 14/14/14 19/19/19 20/20/20
f 20/20/20 15/15/15 14/14/14
f 21/21/21 20/20/20 19/19/19
f 19/19/19 22/22/22 21/21/21
f 21/21/21 17/17/17 23/23/23
f 23/23/23 20/20/20 21/21/21
f 20/20/20 23/23/23 4/4/4
f 4/4/4 15/15/15 20/20/20
f 16/16/16 24/24/24 25/25/25
f 25/25/25 26/26/26 16/16/16
f 26/26/26 25/25/25 5/5/5
f 5/5/5 1/1/1 26/26/26
f 26/26/26 1/1/1 4/4/4
f 4/4/4 23/23/23 26/26/26
f 16/16/16 26/26/26 23/23/23
f 23/23/23 17/17/17 16/16/16
f 18/18/18 21/21/21 22/22/22
f 19/19/19 14/14/14 27/27/27
f 28/28/28 10/10/10 9/9/9
f 13/13/13 29/29/29 27/27/27
f 27/27/27 14/14/14 13/13/13
f 5/5/5 25/25/25 30/30/30
f 31/31/31 32/32/32 33/33/33
f 30/30/30 34/34/34 6/6/6
f 6/6/6 5/5/5 30/30/30
f 18/18/18 17/17/17 21/21/21
f 18/18/18 24/24/24 16/16/16
f 29/29/29 13/13/13 31/31/31
f 31/31/31 33/33/33 29/29/29
f 13/13/13 12/12/12 35/35/35
f 35/35/35 31/31/31 13/13/13
f 11/11/11 35/35/35 12/12/12
f 12/12/12 3/3/3 11/11/11
f 2/2/2 8/8/8 11/11/11
f 11/11/11 3/3/3 2/2/2
f 6/6/6 9/9/9 8/8/8
f 8/8/8 2/2/2 6/6/6
f 34/34/34 36/36/36 9/9/9
f 9/9/9 6/6/6 34/34/34
f 37/37/37 32/32/32 31/31/31
f 31/31/31 35/35/35 37/37/37
f 37/37/37 35/35/35 38/38/38
f 39/39/39 40/40/40 41/41/41
f 41/41/41 42/42/42 39/39/39
f 43/43/43 44/44/44 40/40/40
f 40/40/40 39/39/39 43/43/43
f 45/45/45 46/46/46 47/47/47
f 47/47/47 48/48/48 45/45/45
f 49/49/49 46/46/46 45/45/45
f 50/50/50 51/51/51 52/52/52
f 52/52/52 53/53/53 50/50/50
f 41/41/41 50/50/50 53/53/53
f 53/53/53 42/42/42 41/41/41
f 54/54/54 55/55/55 56/56/56
f 52/52/52 57/57/57 58/58/58
f 58/58/58 53/53/53 52/52/52
f 59/59/59 58/58/58 57/57/57
f 57/57/57 60/60/60 59/59/59
f 59/59/59 55/55/55 61/61/61
f 61/61/61 58/58/58 59/59/59
f 58/58/58 61/61/61 42/42/42
f 42/42/42 53/53/53 58/58/58
f 54/54/54 62/62/62 63/63/63
f 63/63/63 64/64/64 54/54/54
f 64/64/64 63/63/63 43/43/43
f 43/43/43 39/39/39 64/64/64
f 64/64/64 39/39/39 42/42/42
f 42/42/42 61/61/61 64/64/64
f 54/54/54 64/64/64 61/61/61
f 61/61/61 55/55/55 54/54/54
f 56/56/56 59/59/59 60/60/60
f 57/57/57 52/52/52 65/65/65
f 66/66/66 48/48/48 47/47/47
f 51/51/51 67/67/67 65/65/65
f 65/65/65 52/52/52 51/51/51
f 43/43/43 63/63/63 68/68/68
f 69/69/69 70/70/70 71/71/71
f 68/68/68 72/72/72 44/44/44
f 44/44/44 43/43/43 68/68/68
f 56/56/56 55/55/55 59/59/59
f 56/56/56 62/62/62 54/54/54
f 67/67/67 51/51/51 69/69/69
f 69/69/69 71/71/71 67/67/67
f 51/51/51 50/50/50 73/73/73
f 73/73/73 69/69/69 51/51/51
f 49/49/49 73/73/73 50/50/50
f 50/50/50 41/41/41 49/49/49
f 40/40/40 46/46/46 49/49/49
f 49/49/49 41/41/41 40/40/40
f 44/44/44 47/47/47 46/46/46
f 46/46/46 40/40/40 44/44/44
f 72/72/72 74/74/74 47/47/47
f 47/47/47 44/44/44 72/72/72
f 75/75/75 70/70/70 69/69/69
f 69/69/69 73/73/73 75/75/75
f 75/75/75 73/73/73 76/76/76
f 77/77/77 78/78/78 79/79/79
f 79/79/79 80/80/80 77/77/77
f 81/81/81 82/82/82 78/78/78
f 78/78/78 77/77/77 81/81/81
f 83/83/83 84/84/84 85/85/85
f 85/85/85 86/86/86 83/83/83
f 87/87/87 84/84/84 83/83/83
f 88/88/88 89/89/89 90/90/90
f 90/90/90 91/91/91 88/88/88
f 79/79/79 88/88/88 91/91/91
f 91/91/91 80/80/80 79/79/79
f 92/92/92 93/93/93 94/94/94
f 90/90/90 95/95/95 96/96/96
f 96/96/96 91/91/91 90/90/90
f 97/97/97 96/96/96 95/95/95
f 95/95/95 98/98/98 97/97/97
f 97/97/97 93/93/93 99/99/99
f 99/99/99 96/96/96 97/97/97
f 96/96/96 99/99/99 80/80/80
f 80/80/80 91/91/91 96/96/96
f 92/92/92 100/100/100 101/101/101
f 101/101/101 102/102/102 92/92/92
f 102/102/102 101/101/101 81/81/81
f 81/81/81 77/77/77 102/102/102
f 102/102/102 77/77/77 80/80/80
f 80/80/80 99/99/99 102/102/102
f 92/92/92 102/102/102 99/99/99
f 99/99/99 93/93/93 92/92/92
f 94/94/94 97/97/97 98/98/98
f 95/95/95 90/90/90 103/103/103
f 104/104/104 86/86/86 85/85/85
f 89/89/89 105/105/105 103/103/103
f 103/103/103 90/90/90 89/89/89
f 81/81/81 101/101/101 106/106/106
f 107/107/107 108/108/108 109/109/109
f 106/106/106 110/110/110 82/82/82
f 82/82/82 81/81/81 106/106/106
f 94/94/94 93/93/93 97/97/97
f 94/94/94 100/100/100 92/92/92
f 105/105/105 89/89/89 107/107/107
f 107/107/107 109/109/109 105/105/105
f 89/89/89 88/88/88 111/111/111
f 111/111/111 107/107/107 89/89/89
f 87/87/87 111/111/111 88/88/88
f 88/88/88 79/79/79 87/87/87
f 78/78/78 84/84/84 87/87/87
f 87/87/87 79/79/79 78/78/78
f 82/82/82 85/85/85 84/84/84
f 84/84/84 78/78/78 82/82/82
f 110/110/110 112/112/112 85/85/85
f 85/85/85 82/82/82 110/110/110
f 113/113/113 108/108/108 107/107/107
f 107/107/107 111/111/111 113/113/113
f 113/113/113 111/111/111 114/114/114
f 115/115/115 116/116/116 117/117/117
f 117/117/117 118/118/118 115/115/115
f 119/119/119 120/120/120 116/116/116
f 116/116/116 115/115/115 119/119/119
f 121/121/121 122/122/122 123/123/123
f 123/123/123 124/124/124 121/121/121
f 125/125/125 122/122/122 121/121/121
f 126/126/126 127/127/127 128/128/128
f 128/128/128 129/129/129 126/126/126
f 117/117/117 126/126/126 129/129/129
f 129/129/129 118/118/118 117/117/117
f 130/130/130 131/131/131 132/132/132
f 128/128/128 133/133/133 134/134/134
f 134/134/134 129/129/129 128/128/128
f 135/135/135 134/134/134 133/133/133
f 133/133/133 136/136/136 135/135/135
f 135/135/135 131/131/131 137/137/137
f 137/137/137 134/134/134 135/135/135
f 134/134/134 137/137/137 118/118/118
f 118/118/118 129/129/129 134/134/134
f 130/130/130 138/138/138 139/139/139
f 139/139/139 140/140/140 130/130/130
f 140/140/140 139/139/139 119/119/119
f 119/119/119 115/115/115 140/140/140
f 140/140/140 115/115/115 118/118/118
f 118/118/118 137/137/137 140/140/140
f 130/130/130 140/140/140 137/137/137
f 137/137/137 131/131/131 130/130/130
f 132/132/132 135/135/135 136/136/136
f 133/133/133 128/128/128 141/141/141
f 142/142/142 124/124/124 123/123/123
f 127/127/127 143/143/143 141/141/141
f 141/141/141 128/128/128 127/127/127
f 119/119/119 139/139/139 144/144/144
f 145/145/145 146/146/146 147/147/147
f 144/144/144 148/148/148 120/120/120
f 120/120/120 119/119/119 144/144/144
f 132/132/132 131/131/131 135/135/135
f 132/132/132 138/138/138 130/130/130
f 143/143/143 127/127/127 145/145/145
f 145/145/145 147/147/147 143/143/143
f 127/127/127 126/126/126 149/149/149
f 149/149/149 145/145/145 127/127/127
f 125/125/125 149/149/149 126/126/126
f 126/126/126 117/117/117 125/125/125
f 116/116/116 122/122/122 125/125/125
f 125/125/125 117/117/117 116/116/116
f 120/120/120 123/123/123 122/122/122
f 122/122/122 116/116/116 120/120/120
f 148/148/148 150/150/150 123/123/123
f 123/123/123 120/120/120 148/148/148
f 151/151/151 146/146/146 145/145/145
f 145/145/145 149/149/149 151/151/151
f 151/151/151 149/149/149 152/152/152
f 153/153/153 154/154/154 155/155/155
f 155/155/155 156/156/156 153/153/153
f 157/157/157 158/158/158 154/154/154
f 154/154/154 153/153/153 157/157/157
f 159/159/159 160/160/160 161/161/161
f 161/161/161 162/162/162 159/159/159
f 163/163/163 160/160/160 159/159/159
f 164/164/164 165/165/165 166/166/166
f 166/166/166 167/167/167 164/164/164
f 155/155/155 164/164/164 167/167/167
f 167/167/167 156/156/156 155/155/155
f 168/168/168 169/169/169 170/170/170
f 166/166/166 171/171/171 172/172/172
f 172/172/172 167/167/167 166/166/166
f 173/173/173 172/172/172 171/171/171
f 171/171/171 174/174/174 173/173/173
f 173/173/173 169/169/169 175/175/175
f 175/175/175 172/172/172 173/173/173
f 172/172/172 175/175/175 156/156/156
f 156/156/156 167/167/167 172/172/172
f 168/168/168 176/176/176 177/177/177
f 177/177/177 178/178/178 168/168/168
f 178/178/178 177/177/177 157/157/157
f 157/157/157 153/153/153 178/178/178
f 178/178/178 153/153/153 156/156/156
f 156/156/156 175/175/175 178/178/178
f 168/168/168 178/178/178 175/175/175
f 175/175/175 169/169/169 168/168/168
f 170/170/170 173/173/173 174/174/174
f 171/171/171 166/166/166 179/179/179
f 180/180/180 162/162/162 161/161/161
f 165/165/165 181/181/181 179/179/179
f 179/179/179 166/166/166 165/165/165
f 157/157/157 177/177/177 182/182/182
f 183/183/183 184/184/184 185/185/185
f 182/182/182 186/186/186 158/158/158
f 158/158/158 157/157/157 182/182/182
f 170/170/170 169/169/169 173/173/173
f 170/170/170 176/176/176 168/168/168
f 181/181/181 165/165/165 183/183/183
f 183/183/183 185/185/185 181/181/181
f 165/165/165 164/164/164 187/187/187
f 187/187/187 183/183/183 165/165/165
f 163/163/163 187/187/187 164/164/164
f 164/164/164 155/155/155 163/163/163
f 154/154/154 160/160/160 163/163/163
f 163/163/163 155/155/155 154/154/154
f 158/158/158 161/161/161 160/160/160
f 160/160/160 154/154/154 158/158/158
f 186/186/186 188/188/188 161/161/161
f 161/161/161 158/158/158 186/186/186
f 189/189/189 184/184/184 183/183/183
f 183/183/183 187/187/187 189/189/189
f 189/189/189 187/187/187 190/190/190
f 191/191/191 192/192/192 193/193/193
f 193/193/193 194/194/194 191/191/191
f 195/195/195 196/196/196 192/192/192
f 192/192/192 191/191/191 195/195/195
f 197/197/197 198/198/198 199/199/199
f 199/199/199 200/200/200 197/197/197
f 201/201/201 198/198/198 197/197/197
f 202/202/202 203/203/203 204/204/204
f 204/204/204 205/205/205 202/202/202
f 193/193/193 202/202/202 205/205/205
f 205/205/205 194/194/194 193/193/193
f 206/206/206 207/207/207 208/208/208
f 204/204/204 209/209/209 210/210/210
f 210/210/210 205/205/205 204/204/204
f 211/211/211 210/210/210 209/209/209
f 209/209/209 212/212/212 211/211/211
f 211/211/211 207/207/207 213/213/213
f 213/213/213 210/210/210 211/211/211
f 210/210/210 213/213/213 194/194/194
f 194/194/194 205/205/205 210/210/210
f 206/206/206 214/214/214 215/215/215
f 215/215/215 216/216/216 206/206/206
f 216/216/216 215/215/215 195/195/195
f 195/195/195 191/191/191 216/216/216
f 216/216/216 191/191/191 194/194/194
f 194/194/194 213/213/213 216/216/216
f 206/206/206 216/216/216 213/213/213
f 213/213/213 207/207/207 206/206/206
f 208/208/208 211/211/211 212/212/212
f 209/209/209 204/204/204 217/217/217
f 218/218/218 200/200/200 199/199/199
f 203/203/203 219/219/219 217/217/217
f 217/217/217 204/204/204 203/203/203
f 195/195/195 215/215/215 220/220/220
f 221/221/221 222/222/222 223/223/223
f 220/220/220 224/224/224 196/196/196
f 196/196/196 195/195/195 220/220/220
f 208/208/208 207/207/207 211/211/211
f 208/208/208 214/214/214 206/206/206
f 219/219/219 203/203/203 221/221/221
f 221/221/221 223/223/223 219/219/219
f 203/203/203 202/202/202 225/225/225
f 225/225/225 221/221/221 203/203/203
f 201/201/201 225/225/225 202/202/202
f 202/202/202 193/193/193 201/201/201
f 192/192/192 198/198/198 201/201/201
f 201/201/201 193/193/193 192/192/192
f 196/196/196 199/199/199 198/198/198
f 198/198/198 192/192/192 196/196/196
f 224/224/224 226/226/226 199/199/199
f 199/199/199 196/196/196 224/224/224
f 227/227/227 222/222/222 221/221/221
f 221/221/221 225/225/225 227/227/227
f 227/227/227 225/225/225 228/228/228
f 229/229/229 230/230/230 231/231/231
f 231/231/231 232/232/232 229/229/229
f 233/233/233 234/234/234 230/230/230
f 230/230/230 229/229/229 233/233/233
f 235/235/235 236/236/236 237/237/237
f 237/237/237 238/238/238 235/235/235
f 239/239/239 236/236/236 235/235/235
f 240/240/240 241/241/241 242/242/242
f 242/242/242 243/243/243 240/240/240
f 231/231/231 240/240/240 243/243/243
f 243/243/243 232/232/232 231/231/231
f 244/244/244 245/245/245 246/246/246
f 242/242/242 247/247/247 248/248/248
f 248/248/248 243/243/243 242/242/242
f 249/249/249 248/248/248 247/247/247
f 247/247/247 250/250/250 249/249/249
f 249/249/249 245/245/245 251/251/251
f 251/251/251 248/248/248 249/249/249
f 248/248/248 251/251/251 232/232/232
f 232/232/232 243/243/243 248/248/248
f 244/244/244 252/252/252 253/253/253
f 253/253/253 254/254/254 244/244/244
f 254/254/254 253/253/253 233/233/233
f 233/233/233 229/229/229 254/254/254
f 254/254/254 229/229/229 232/232/232
f 232/232/232 251/251/251 254/254/254
f 244/244/244 254/254/254 251/251/251
f 251/251/251 245/245/245 244/244/244
f 246/246/246 249/249/249 250/250/250
f 247/247/247 242/242/242 255/255/255
f 256/256/256 238/238/238 237/237/237
f 241/241/241 257/257/257 255/255/255
f 255/255/255 242/242/242 241/241/241
f 233/233/233 253/253/253 258/258/258
f 259/259/259 260/260/260 261/261/261
f 258/258/258 262/262/262 234/234/234
f 234/234/234 233/233/233 258/258/258
f 246/246/246 245/245/245 249/249/249
f 246/246/246 252/252/252 244/244/244
f 257/257/257 241/241/241 259/259/259
f 259/259/259 261/261/261 257/257/257
f 241/241/241 240/240/240 263/263/263
f 263/263/263 259/259/259 241/241/241
f 239/239/239 263/263/263 240/240/240
f 240/240/240 231/231/231 239/239/239
f 230/230/230 236/236/236 239/239/239
f 239/239/239 231/231/231 230/230/230
f 234/234/234 237/237/237 236/236/236
f 236/236/236 230/230/230 234/234/234
f 262/262/262 264/264/264 237/237/237
f 237/237/237 234/234/234 262/262/262
f 265/265/265 260/260/260 259/259/259
f 259/259/259 263/263/263 265/265/265
f 265/265/265 263/263/263 266/266/266
f 267/267/267 268/268/268 269/269/269
f 269/269/269 270/270/270 267/267/267
f 271/271/271 272/272/272 268/268/268
f 268/268/268 267/267/267 271/271/271
f 273/273/273 274/274/274 275/275/275
f 275/275/275 276/276/276 273/273/273
f 277/277/277 274/274/274 273/273/273
f 278/278/278 279/279/279 280/280/280
f 280/280/280 281/281/281 278/278/278
f 269/269/269 278/278/278 281/281/281
f 281/281/281 270/270/270 269/269/269
f 282/282/282 283/283/283 284/284/284
f 280/280/280 285/285/285 286/286/286
f 286/286/286 281/281/281 280/280/280
f 287/287/287 286/286/286 285/285/285
f 285/285/285 288/288/288 287/287/287
f 287/287/287 283/283/283 289/289/289
f 289/289/289 286/286/286 287/287/287
f 286/286/286 289/289/289 270/270/270
f 270/270/270 281/281/281 286/286/286
f 282/282/282 290/290/290 291/291/291
f 291/291/291 292/292/292 282/282/282
f 292/292/292 291/291/291 271/271/271
f 271/271/271 267/267/267 292/292/292
f 292/292/292 267/267/267 270/270/270
f 270/270/270 289/289/289 292/292/292
f 282/282/282 292/292/292 289/289/289
f 289/289/289 283/283/283 282/282/282
f 284/284/284 287/287/287 288/288/288
f 285/285/285 280/280/280 293/293/293
f 294/294/294 276/276/276 275/275/275
f 279/279/279 295/295/295 293/293/293
f 293/293/293 280/280/280 279/279/279
f 271/271/271 291/291/291 296/296/296
f 297/297/297 298/298/298 299/299/299
f 296/296/296 300/300/300 272/272/272
f 272/272/272 271/271/271 296/296/296
f 284/284/284 283/283/283 287/287/287
f 284/284/284 290/290/290 282/282/282
f 295/295/295 279/279/279 297/297/297
f 297/297/297 299/299/299 295/295/295
f 279/279/279 278/278/278 301/301/301
f 301/301/301 297/297/297 279/279/279
f 277/277/277 301/301/301 278/278/278
f 278/278/278 269/269/269 277/277/277
f 268/268/268 274/274/274 277/277/277
f 277/277/277 269/269/269 268/268/268
f 272/272/272 275/275/275 274/274/274
f 274/274/274 268/268/268 272/272/272
f 300/300/300 302/302/302 275/275/275
f 275/275/275 272/272/272 300/300/300
f 303/303/303 298/298/298 297/297/297
f 297/297/297 301/301/301 303/303/303
f 303/303/303 301/301/301 304/304/304
f 305/305/305 306/306/306 307/307/307
f 308/308/308 307/307/307 306/306/306
f 307/307/307 308/308/308 309/309/309
f 310/310/310 309/309/309 308/308/308
f 309/309/309 310/310/310 311/311/311
f 312/312/312 311/311/311 310/310/310
f 311/311/311 312/312/312 313/313/313
f 314/314/314 313/313/313 312/312/312
f 313/313/313 314/314/314 315/315/315
f 316/316/316 315/315/315 314/314/314
f 315/315/315 316/316/316 317/317/317
f 318/318/318 317/317/317 316/316/316
f 317/317/317 318/318/318 319/319/319
f 320/320/320 319/319/319 318/318/318
f 319/319/319 320/320/320 321/321/321
f 322/322/322 321/321/321 320/320/320
f 323/323/323 321/321/321 322/322/322
f 321/321/321 323/323/323 324/324/324
f 325/325/325 324/324/324 323/323/323
f 324/324/324 325/325/325 326/326/326
f 327/327/327 326/326/326 325/325/325
f 326/326/326 327/327/327 328/328/328
f 329/329/329 328/328/328 327/327/327
f 328/328/328 329/329/329 330/330/330
f 331/331/331 330/330/330 329/329/329
f 330/330/330 331/331/331 332/332/332
f 333/333/333 332/332/332 331/331/331
f 332/332/332 333/333/333 334/334/334
f 335/335/335 334/334/334 333/333/333
f 334/334/334 335/335/335 336/336/305
f 337/337/336 336/336/305 335/335/335
f 338/338/337 305/305/305 339/339/338
f 307/307/307 339/339/338 305/305/305
f 339/339/338 307/307/307 340/340/339
f 309/309/309 340/340/339 307/307/307
f 340/340/339 309/309/309 341/341/340
f 311/311/311 341/341/340 309/309/309
f 313/313/313 341/341/340 311/311/311
f 341/341/340 313/313/313 342/342/341
f 315/315/315 342/342/341 313/313/313
f 342/342/341 315/315/315 343/343/342
f 317/317/317 343/343/342 315/315/315
f 343/343/342 317/317/317 344/344/343
f 319/319/319 344/344/343 317/317/317
f 344/344/343 319/319/319 345/345/344
f 321/321/321 345/345/344 319/319/319
f 345/345/344 321/321/321 346/346/345
f 324/324/324 346/346/345 321/321/321
f 346/346/345 324/324/324 347/347/346
f 326/326/326 347/347/346 324/324/324
f 347/347/346 326/326/326 348/348/347
f 328/328/328 348/348/347 326/326/326
f 330/330/330 348/348/347 328/328/328
f 348/348/347 330/330/330 349/349/348
f 332/332/332 349/349/348 330/330/330
f 349/349/348 332/332/332 350/350/349
f 334/334/334 350/350/349 332/332/332
f 350/350/349 334/334/334 351/351/350
f 336/336/305 351/351/350 334/334/334
f 352/352/351 338/338/337 353/353/352
f 339/339/338 353/353/352 338/338/337
f 340/340/339 353/353/352 339/339/338
f 353/353/352 340/340/339 354/354/353
f 341/341/340 354/354/353 340/340/339
f 342/342/341 354/354/353 341/341/340
f 354/354/353 342/342/341 355/355/354
f 343/343/342 355/355/354 342/342/341
f 355/355/354 343/343/342 356/356/355
f 344/344/343 356/356/355 343/343/342
f 345/345/344 356/356/355 344/344/343
f 356/356/355 345/345/344 357/357/356
f 346/346/345 357/357/356 345/345/344
f 357/357/356 346/346/345 358/358/357
f 347/347/346 358/358/357 346/346/345
f 348/348/347 358/358/357 347/347/346
f 358/358/357 348/348/347 359/359/358
f 349/349/348 359/359/358 348/348/347
f 350/350/349 359/359/358 349/349/348
f 359/359/358 350/350/349 360/360/359
f 351/351/350 360/360/359 350/350/349
f 361/361/360 352/352/351 362/362/361
f 353/353/352 362/362/361 352/352/351
f 362/362/361 353/353/352 363/363/362
f 354/354/353 363/363/362 353/353/352
f 363/363/362 354/354/353 364/364/363
f 355/355/354 364/364/363 354/354/353
f 364/364/363 355/355/354 365/365/364
f 356/356/355 365/365/364 355/355/354
f 357/357/356 365/365/364 356/356/355
f 365/365/364 357/357/356 366/366/365
f 358/358/357 366/366/365 357/357/356
f 366/366/365 358/358/357 367/367/366
f 359/359/358 367/367/366 358/358/357
f 367/367/366 359/359/358 368/368/360
f 360/360/359 368/368/360 359/359/358
f 369/369/367 361/361/360 370/370/368
f 362/362/361 370/370/368 361/361/360
f 370/370/368 362/362/361 371/371/369
f 363/363/362 371/371/369 362/362/361
f 371/371/369 363/363/362 372/372/370
f 364/364/363 372/372/370 363/363/362
f 365/365/364 372/372/370 364/364/363
f 372/372/370 365/365/364 373/373/371
f 366/366/365 373/373/371 365/365/364
f 373/373/371 366/366/365 374/374/372
f 367/367/366 374/374/372 366/366/365
f 374/374/372 367/367/366 375/375/367
f 368/368/360 375/375/367 367/367/366
f 376/376/373 369/369/367 377/377/374
f 370/370/368 377/377/374 369/369/367
f 377/377/374 370/370/368 378/378/375
f 371/371/369 378/378/375 370/370/368
f 378/378/375 371/371/369 379/379/376
f 372/372/370 379/379/376 371/371/369
f 373/373/371 379/379/376 372/372/370
f 379/379/376 373/373/371 380/380/377
f 374/374/372 380/380/377 373/373/371
f 380/380/377 374/374/372 381/381/373
f 375/375/367 381/381/373 374/374/372
f 382/382/378 376/376/373 383/383/379
f 377/377/374 383/383/379 376/376/373
f 383/383/379 377/377/374 384/384/380
f 378/378/375 384/384/380 377/377/374
f 384/384/380 378/378/375 385/385/381
f 379/379/376 385/385/381 378/378/375
f 385/385/381 379/379/376 386/386/382
f 380/380/377 386/386/382 379/379/376
f 386/386/382 380/380/377 387/387/383
f 381/381/373 387/387/383 380/380/377
f 388/388/384 382/382/378 389/389/385
f 383/383/379 389/389/385 382/382/378
f 389/389/385 383/383/379 390/390/386
f 384/384/380 390/390/386 383/383/379
f 385/385/381 390/390/386 384/384/380
f 390/390/386 385/385/381 391/391/387
f 386/386/382 391/391/387 385/385/381
f 391/391/387 386/386/382 392/392/388
f 387/387/383 392/392/388 386/386/382
f 393/393/389 388/388/384 394/394/390
f 389/389/385 394/394/390 388/388/384
f 394/394/390 389/389/385 395/395/391
f 390/390/386 395/395/391 389/389/385
f 391/391/387 395/395/391 390/390/386
f 395/395/391 391/391/387 396/396/392
f 392/392/388 396/396/392 391/391/387
f 394/394/390 397/397/393 393/393/389
f 395/395/391 398/398/394 394/394/390
f 396/396/392 399/399/395 395/395/391
f 400/400/396 401/401/397 402/402/398
f 403/403/399 402/402/398 401/401/397
f 402/402/398 403/403/399 404/404/400
f 405/405/401 404/404/400 403/403/399
f 404/404/400 405/405/401 406/406/402
f 407/407/403 406/406/402 405/405/401
f 406/406/402 407/407/403 408/408/404
f 409/409/405 408/408/404 407/407/403
f 408/408/404 409/409/405 410/410/406
f 411/411/407 410/410/406 409/409/405
f 410/410/406 411/411/407 412/412/408
f 413/413/409 412/412/408 411/411/407
f 412/412/408 413/413/409 414/414/410
f 415/415/411 414/414/410 413/413/409
f 414/414/410 415/415/411 416/416/412
f 417/417/413 416/416/412 415/415/411
f 418/418/414 416/416/412 417/417/413
f 416/416/412 418/418/414 419/419/415
f 420/420/416 419/419/415 418/418/414
f 419/419/415 420/420/416 421/421/417
f 422/422/418 421/421/417 420/420/416
f 421/421/417 422/422/418 423/423/419
f 424/424/420 423/423/419 422/422/418
f 423/423/419 424/424/420 425/425/421
f 426/426/422 425/425/421 424/424/420
f 425/425/421 426/426/422 427/427/423
f 428/428/424 427/427/423 426/426/422
f 427/427/423 428/428/424 429/429/425
f 430/430/426 429/429/425 428/428/424
f 429/429/425 430/430/426 431/431/427
f 432/432/428 431/431/427 430/430/426
f 433/433/429 400/400/396 434/434/430
f 402/402/398 434/434/430 400/400/396
f 434/434/430 402/402/398 435/435/431
f 404/404/400 435/435/431 402/402/398
f 435/435/431 404/404/400 436/436/432
f 406/406/402 436/436/432 404/404/400
f 408/408/404 436/436/432 406/406/402
f 436/436/432 408/408/404 437/437/433
f 410/410/406 437/437/433 408/408/404
f 437/437/433 410/410/406 438/438/434
f 412/412/408 438/438/434 410/410/406
f 438/438/434 412/412/408 439/439/435
f 414/414/410 439/439/435 412/412/408
f 439/439/435 414/414/410 440/440/436
f 416/416/412 440/440/436 414/414/410
f 440/440/436 416/416/412 441/441/437
f 419/419/415 441/441/437 416/416/412
f 441/441/437 419/419/415 442/442/438
f 421/421/417 442/442/438 419/419/415
f 442/442/438 421/421/417 443/443/439
f 423/423/419 443/443/439 421/421/417
f 425/425/421 443/443/439 423/423/419
f 443/443/439 425/425/421 444/444/440
f 427/427/423 444/444/440 425/425/421
f 444/444/440 427/427/423 445/445/441
f 429/429/425 445/445/441 427/427/423
f 445/445/441 429/429/425 446/446/442
f 431/431/427 446/446/442 429/429/425
f 434/434/430 447/447/443 433/433/429
f 447/447/443 434/434/430 448/448/444
f 435/435/431 448/448/444 434/434/430
f 436/436/432 448/448/444 435/435/431
f 448/448/444 436/436/432 449/449/445
f 437/437/433 449/449/445 436/436/432
f 438/438/434 449/449/445 437/437/433
f 449/449/445 438/438/434 450/450/446
f 439/439/435 450/450/446 438/438/434
f 440/440/436 450/450/446 439/439/435
f 450/450/446 440/440/436 451/451/447
f 441/441/437 451/451/447 440/440/436
f 442/442/438 451/451/447 441/441/437
f 451/451/447 442/442/438 452/452/448
f 443/443/439 452/452/448 442/442/438
f 444/444/440 452/452/448 443/443/439
f 452/452/448 444/444/440 453/453/443
f 445/445/441 453/453/443 444/444/440
f 446/446/442 453/453/443 445/445/441
f 454/454/449 447/447/443 455/455/450
f 448/448/444 455/455/450 447/447/443
f 455/455/450 448/448/444 456/456/451
f 449/449/445 456/456/451 448/448/444
f 456/456/451 449/449/445 457/457/452
f 450/450/446 457/457/452 449/449/445
f 451/451/447 457/457/452 450/450/446
f 457/457/452 451/451/447 458/458/453
f 452/452/448 458/458/453 451/451/447
f 458/458/453 452/452/448 459/459/454
f 453/453/443 459/459/454 452/452/448
f 460/460/455 454/454/449 461/461/456
f 455/455/450 461/461/456 454/454/449
f 461/461/456 455/455/450 462/462/457
f 456/456/451 462/462/457 455/455/450
f 462/462/457 456/456/451 463/463/458
f 457/457/452 463/463/458 456/456/451
f 463/463/458 457/457/452 464/464/459
f 458/458/453 464/464/459 457/457/452
f 464/464/459 458/458/453 465/465/460
f 459/459/454 465/465/460 458/458/453
f 466/466/461 460/460/455 467/467/462
f 461/461/456 467/467/462 460/460/455
f 467/467/462 461/461/456 468/468/463
f 462/462/457 468/468/463 461/461/456
f 463/463/458 468/468/463 462/462/457
f 468/468/463 463/463/458 469/469/464
f 464/464/459 469/469/464 463/463/458
f 469/469/464 464/464/459 470/470/465
f 465/465/460 470/470/465 464/464/459
f 471/471/466 466/466/461 472/472/467
f 467/467/462 472/472/467 466/466/461
f 472/472/467 467/467/462 473/473/468
f 468/468/463 473/473/468 467/467/462
f 469/469/464 473/473/468 468/468/463
f 473/473/468 469/469/464 474/474/469
f 470/470/465 474/474/469 469/469/464
f 472/472/467 475/475/470 471/471/466
f 473/473/468 476/476/470 472/472/467
f 474/474/469 477/477/471 473/473/468
f 478/478/472 479/479/473 480/480/474
f 481/481/475 480/480/474 479/479/473
f 480/480/474 481/481/475 482/482/476
f 483/483/477 482/482/476 481/481/475
f 482/482/476 483/483/477 484/484/478
f 485/485/479 484/484/478 483/483/477
f 484/484/478 485/485/479 486/486/480
f 487/487/481 486/486/480 485/485/479
f 486/486/480 487/487/481 488/488/482
f 489/489/483 488/488/482 487/487/481
f 488/488/482 489/489/483 490/490/484
f 491/491/485 490/490/484 489/489/483
f 490/490/484 491/491/485 492/492/486
f 493/493/487 492/492/486 491/491/485
f 492/492/486 493/493/487 494/494/488
f 495/495/489 494/494/488 493/493/487
f 496/496/490 494/494/488 495/495/489
f 494/494/488 496/496/490 497/497/491
f 498/498/492 497/497/491 496/496/490
f 497/497/491 498/498/492 499/499/493
f 500/500/494 499/499/493 498/498/492
f 499/499/493 500/500/494 501/501/495
f 502/502/496 501/501/495 500/500/494
f 501/501/495 502/502/496 503/503/497
f 504/504/498 503/503/497 502/502/496
f 503/503/497 504/504/498 505/505/499
f 506/506/500 505/505/499 504/504/498
f 505/505/499 506/506/500 507/507/501
f 508/508/502 507/507/501 506/506/500
f 507/507/501 508/508/502 509/509/472
f 510/510/473 509/509/472 508/508/502
f 511/511/503 478/478/472 512/512/504
f 480/480/474 512/512/504 478/478/472
f 512/512/504 480/480/474 513/513/505
f 482/482/476 513/513/505 480/480/474
f 513/513/505 482/482/476 514/514/506
f 484/484/478 514/514/506 482/482/476
f 486/486/480 514/514/506 484/484/478
f 514/514/506 486/486/480 515/515/507
f 488/488/482 515/515/507 486/486/480
f 515/515/507 488/488/482 516/516/508
f 490/490/484 516/516/508 488/488/482
f 516/516/508 490/490/484 517/517/509
f 492/492/486 517/517/509 490/490/484
f 517/517/509 492/492/486 518/518/510
f 494/494/488 518/518/510 492/492/486
f 518/518/510 494/494/488 519/519/511
f 497/497/491 519/519/511 494/494/488
f 519/519/511 497/497/491 520/520/512
f 499/499/493 520/520/512 497/497/491
f 520/520/512 499/499/493 521/521/513
f 501/501/495 521/521/513 499/499/493
f 503/503/497 521/521/513 501/501/495
f 521/521/513 503/503/497 522/522/514
f 505/505/499 522/522/514 503/503/497
f 522/522/514 505/505/499 523/523/515
f 507/507/501 523/523/515 505/505/499
f 523/523/515 507/507/501 524/524/516
f 509/509/472 524/524/516 507/507/501
f 525/525/517 511/511/503 526/526/518
f 512/512/504 526/526/518 511/511/503
f 513/513/505 526/526/518 512/512/504
f 526/526/518 513/513/505 527/527/519
f 514/514/506 527/527/519 513/513/505
f 515/515/507 527/527/519 514/514/506
f 527/527/519 515/515/507 528/528/520
f 516/516/508 528/528/520 515/515/507
f 528/528/520 516/516/508 529/529/521
f 517/517/509 529/529/521 516/516/508
f 518/518/510 529/529/521 517/517/509
f 529/529/521 518/518/510 530/530/522
f 519/519/511 530/530/522 518/518/510
f 530/530/522 519/519/511 531/531/523
f 520/520/512 531/531/523 519/519/511
f 521/521/513 531/531/523 520/520/512
f 531/531/523 521/521/513 532/532/524
f 522/522/514 532/532/524 521/521/513
f 523/523/515 532/532/524 522/522/514
f 532/532/524 523/523/515 533/533/517
f 524/524/516 533/533/517 523/523/515
f 534/534/525 525/525/517 535/535/526
f 526/526/518 535/535/526 525/525/517
f 535/535/526 526/526/518 536/536/527
f 527/527/519 536/536/527 526/526/518
f 536/536/527 527/527/519 537/537/528
f 528/528/520 537/537/528 527/527/519
f 537/537/528 528/528/520 538/538/529
f 529/529/521 538/538/529 528/528/520
f 530/530/522 538/538/529 529/529/521
f 538/538/529 530/530/522 539/539/530
f 531/531/523 539/539/530 530/530/522
f 539/539/530 531/531/523 540/540/531
f 532/532/524 540/540/531 531/531/523
f 540/540/531 532/532/524 541/541/532
f 533/533/517 541/541/532 532/532/524
f 542/542/533 534/534/525 543/543/534
f 535/535/526 543/543/534 534/534/525
f 543/543/534 535/535/526 544/544/535
f 536/536/527 544/544/535 535/535/526
f 544/544/535 536/536/527 545/545/536
f 537/537/528 545/545/536 536/536/527
f 538/538/529 545/545/536 537/537/528
f 545/545/536 538/538/529 546/546/537
f 539/539/530 546/546/537 538/538/529
f 546/546/537 539/539/530 547/547/538
f 540/540/531 547/547/538 539/539/530
f 547/547/538 540/540/531 548/548/533
f 541/541/532 548/548/533 540/540/531
f 549/549/539 542/542/533 550/550/540
f 543/543/534 550/550/540 542/542/533
f 550/550/540 543/543/534 551/551/541
f 544/544/535 551/551/541 543/543/534
f 551/551/541 544/544/535 552/552/542
f 545/545/536 552/552/542 544/544/535
f 546/546/537 552/552/542 545/545/536
f 552/552/542 546/546/537 553/553/543
f 547/547/538 553/553/543 546/546/537
f 553/553/543 547/547/538 554/554/544
f 548/548/533 554/554/544 547/547/538
f 555/555/545 549/549/539 556/556/546
f 550/550/540 556/556/546 549/549/539
f 556/556/546 550/550/540 557/557/547
f 551/551/541 557/557/547 550/550/540
f 557/557/547 551/551/541 558/558/548
f 552/552/542 558/558/548 551/551/541
f 558/558/548 552/552/542 559/559/549
f 553/553/543 559/559/549 552/552/542
f 559/559/549 553/553/543 560/560/550
f 554/554/544 560/560/550 553/553/543
f 561/561/551 555/555/545 562/562/552
f 556/556/546 562/562/552 555/555/545
f 562/562/552 556/556/546 563/563/553
f 557/557/547 563/563/553 556/556/546
f 558/558/548 563/563/553 557/557/547
f 563/563/553 558/558/548 564/564/554
f 559/559/549 564/564/554 558/558/548
f 564/564/554 559/559/549 565/565/555
f 560/560/550 565/565/555 559/559/549
f 566/566/556 561/561/551 567/567/557
f 562/562/552 567/567/557 561/561/551
f 567/567/557 562/562/552 568/568/558
f 563/563/553 568/568/558 562/562/552
f 564/564/554 568/568/558 563/563/553
f 568/568/558 564/564/554 569/569/559
f 565/565/555 569/569/559 564/564/554
f 567/567/557 570/570/560 566/566/556
f 568/568/558 571/571/561 567/567/557
f 569/569/559 572/572/560 568/568/558
f 573/573/562 574/574/563 575/575/564
f 576/576/565 575/575/564 574/574/563
f 575/575/564 576/576/565 577/577/566
f 578/578/567 577/577/566 576/576/565
f 577/577/566 578/578/567 579/579/568
f 580/580/569 579/579/568 578/578/567
f 579/579/568 580/580/569 581/581/570
f 582/582/571 581/581/570 580/580/569
f 581/581/570 582/582/571 583/583/572
f 584/584/573 583/583/572 582/582/571
f 583/583/572 584/584/573 585/585/574
f 586/586/575 585/585/574 584/584/573
f 585/585/574 586/586/575 587/587/576
f 588/588/577 587/587/576 586/586/575
f 587/587/576 588/588/577 589/589/578
f 590/590/579 589/589/578 588/588/577
f 591/591/580 589/589/578 590/590/579
f 589/589/578 591/591/580 592/592/581
f 593/593/582 592/592/581 591/591/580
f 592/592/581 593/593/582 594/594/583
f 595/595/584 594/594/583 593/593/582
f 594/594/583 595/595/584 596/596/585
f 597/597/586 596/596/585 595/595/584
f 596/596/585 597/597/586 598/598/587
f 599/599/588 598/598/587 597/597/586
f 598/598/587 599/599/588 600/600/589
f 601/601/590 600/600/589 599/599/588
f 600/600/589 601/601/590 602/602/591
f 603/603/592 602/602/591 601/601/590
f 602/602/591 603/603/592 604/604/562
f 605/605/593 604/604/562 603/603/592
f 606/606/594 573/573/562 607/607/595
f 575/575/564 607/607/595 573/573/562
f 607/607/595 575/575/564 608/608/596
f 577/577/566 608/608/596 575/575/564
f 608/608/596 577/577/566 609/609/597
f 579/579/568 609/609/597 577/577/566
f 581/581/570 609/609/597 579/579/568
f 609/609/597 581/581/570 610/610/598
f 583/583/572 610/610/598 581/581/570
f 610/610/598 583/583/572 611/611/599
f 585/585/574 611/611/599 583/583/572
f 611/611/599 585/585/574 612/612/600
f 587/587/576 612/612/600 585/585/574
f 612/612/600 587/587/576 613/613/601
f 589/589/578 613/613/601 587/587/576
f 613/613/601 589/589/578 614/614/602
f 592/592/581 614/614/602 589/589/578
f 614/614/602 592/592/581 615/615/603
f 594/594/583 615/615/603 592/592/581
f 615/615/603 594/594/583 616/616/604
f 596/596/585 616/616/604 594/594/583
f 598/598/587 616/616/604 596/596/585
f 616/616/604 598/598/587 617/617/605
f 600/600/589 617/617/605 598/598/587
f 617/617/605 600/600/589 618/618/606
f 602/602/591 618/618/606 600/600/589
f 618/618/606 602/602/591 619/619/594
f 604/604/562 619/619/594 602/602/591
f 607/607/595 620/620/607 606/606/594
f 620/620/607 607/607/595 621/621/608
f 608/608/596 621/621/608 607/607/595
f 609/609/597 621/621/608 608/608/596
f 621/621/608 609/609/597 622/622/609
f 610/610/598 622/622/609 609/609/597
f 611/611/599 622/622/609 610/610/598
f 622/622/609 611/611/599 623/623/610
f 612/612/600 623/623/610 611/611/599
f 613/613/601 623/623/610 612/612/600
f 623/623/610 613/613/601 624/624/611
f 614/614/602 624/624/611 613/613/601
f 615/615/603 624/624/611 614/614/602
f 624/624/611 615/615/603 625/625/612
f 616/616/604 625/625/612 615/615/603
f 617/617/605 625/625/612 616/616/604
f 625/625/612 617/617/605 626/626/607
f 618/618/606 626/626/607 617/617/605
f 619/619/594 626/626/607 618/618/606
f 627/627/613 620/620/607 628/628/614
f 621/621/608 628/628/614 620/620/607
f 628/628/614 621/621/608 629/629/615
f 622/622/609 629/629/615 621/621/608
f 629/629/615 622/622/609 630/630/616
f 623/623/610 630/630/616 622/622/609
f 624/624/611 630/630/616 623/623/610
f 630/630/616 624/624/611 631/631/617
f 625/625/612 631/631/617 624/624/611
f 631/631/617 625/625/612 632/632/618
f 626/626/607 632/632/618 625/625/612
f 633/633/619 627/627/613 634/634/620
f 628/628/614 634/634/620 627/627/613
f 634/634/620 628/628/614 635/635/621
f 629/629/615 635/635/621 628/628/614
f 635/635/621 629/629/615 636/636/622
f 630/630/616 636/636/622 629/629/615
f 636/636/622 630/630/616 637/637/623
f 631/631/617 637/637/623 630/630/616
f 637/637/623 631/631/617 638/638/619
f 632/632/618 638/638/619 631/631/617
f 639/639/624 633/633/619 640/640/625
f 634/634/620 640/640/625 633/633/619
f 640/640/625 634/634/620 641/641/626
f 635/635/621 641/641/626 634/634/620
f 636/636/622 641/641/626 635/635/621
f 641/641/626 636/636/622 642/642/627
f 637/637/623 642/642/627 636/636/622
f 642/642/627 637/637/623 643/643/628
f 638/638/619 643/643/628 637/637/623
f 640/640/625 644/644/629 639/639/624
f 641/641/626 645/645/629 640/640/625
f 642/642/627 645/645/629 641/641/626
f 643/643/628 646/646/629 642/642/627
f 647/647/630 648/648/631 649/649/632
f 650/650/633 649/649/632 648/648/631
f 649/649/632 650/650/633 651/651/634
f 652/652/635 651/651/634 650/650/633
f 651/651/634 652/652/635 653/653/636
f 654/654/637 653/653/636 652/652/635
f 653/653/636 654/654/637 655/655/638
f 656/656/639 655/655/638 654/654/637
f 655/655/638 656/656/639 657/657/640
f 658/658/641 657/657/640 656/656/639
f 657/657/640 658/658/641 659/659/642
f 660/660/643 659/659/642 658/658/641
f 659/659/642 660/660/643 661/661/644
f 662/662/645 661/661/644 660/660/643
f 661/661/644 662/662/645 663/663/646
f 664/664/647 663/663/646 662/662/645
f 665/665/648 663/663/646 664/664/647
f 663/663/646 665/665/648 666/666/649
f 667/667/650 666/666/649 665/665/648
f 666/666/649 667/667/650 668/668/651
f 669/669/652 668/668/651 667/667/650
f 668/668/651 669/669/652 670/670/653
f 671/671/654 670/670/653 669/669/652
f 670/670/653 671/671/654 672/672/655
f 673/673/656 672/672/655 671/671/654
f 672/672/655 673/673/656 674/674/657
f 675/675/658 674/674/657 673/673/656
f 674/674/657 675/675/658 676/676/659
f 677/677/660 676/676/659 675/675/658
f 676/676/659 677/677/660 678/678/661
f 679/679/662 678/678/661 677/677/660
f 680/680/663 647/647/630 681/681/664
f 649/649/632 681/681/664 647/647/630
f 681/681/664 649/649/632 682/682/665
f 651/651/634 682/682/665 649/649/632
f 682/682/665 651/651/634 683/683/666
f 653/653/636 683/683/666 651/651/634
f 655/655/638 683/683/666 653/653/636
f 683/683/666 655/655/638 684/684/667
f 657/657/640 684/684/667 655/655/638
f 684/684/667 657/657/640 685/685/668
f 659/659/642 685/685/668 657/657/640
f 685/685/668 659/659/642 686/686/669
f 661/661/644 686/686/669 659/659/642
f 686/686/669 661/661/644 687/687/670
f 663/663/646 687/687/670 661/661/644
f 687/687/670 663/663/646 688/688/671
f 666/666/649 688/688/671 663/663/646
f 688/688/671 666/666/649 689/689/672
f 668/668/651 689/689/672 666/666/649
f 689/689/672 668/668/651 690/690/673
f 670/670/653 690/690/673 668/668/651
f 672/672/655 690/690/673 670/670/653
f 690/690/673 672/672/655 691/691/674
f 674/674/657 691/691/674 672/672/655
f 691/691/674 674/674/657 692/692/675
f 676/676/659 692/692/675 674/674/657
f 692/692/675 676/676/659 693/693/676
f 678/678/661 693/693/676 676/676/659
f 694/694/677 680/680/663 695/695/678
f 681/681/664 695/695/678 680/680/663
f 682/682/665 695/695/678 681/681/664
f 695/695/678 682/682/665 696/696/679
f 683/683/666 696/696/679 682/682/665
f 684/684/667 696/696/679 683/683/666
f 696/696/679 684/684/667 697/697/680
f 685/685/668 697/697/680 684/684/667
f 697/697/680 685/685/668 698/698/681
f 686/686/669 698/698/681 685/685/668
f 687/687/670 698/698/681 686/686/669
f 698/698/681 687/687/670 699/699/682
f 688/688/671 699/699/682 687/687/670
f 699/699/682 688/688/671 700/700/683
f 689/689/672 700/700/683 688/688/671
f 690/690/673 700/700/683 689/689/672
f 700/700/683 690/690/673 701/701/684
f 691/691/674 701/701/684 690/690/673
f 692/692/675 701/701/684 691/691/674
f 701/701/684 692/692/675 702/702/685
f 693/693/676 702/702/685 692/692/675
f 703/703/686 694/694/677 704/704/687
f 695/695/678 704/704/687 694/694/677
f 704/704/687 695/695/678 705/705/688
f 696/696/679 705/705/688 695/695/678
f 705/705/688 696/696/679 706/706/689
f 697/697/680 706/706/689 696/696/679
f 706/706/689 697/697/680 707/707/690
f 698/698/681 707/707/690 697/697/680
f 699/699/682 707/707/690 698/698/681
f 707/707/690 699/699/682 708/708/691
f 700/700/683 708/708/691 699/699/682
f 708/708/691 700/700/683 709/709/692
f 701/701/684 709/709/692 700/700/683
f 709/709/692 701/701/684 710/710/693
f 702/702/685 710/710/693 701/701/684
f 711/711/694 703/703/686 712/712/695
f 704/704/687 712/712/695 703/703/686
f 712/712/695 704/704/687 713/713/696
f 705/705/688 713/713/696 704/704/687
f 713/713/696 705/705/688 714/714/697
f 706/706/689 714/714/697 705/705/688
f 707/707/690 714/714/697 706/706/689
f 714/714/697 707/707/690 715/715/698
f 708/708/691 715/715/698 707/707/690
f 715/715/698 708/708/691 716/716/699
f 709/709/692 716/716/699 708/708/691
f 716/716/699 709/709/692 717/717/700
f 710/710/693 717/717/700 709/709/692
f 718/718/701 711/711/694 719/719/702
f 712/712/695 719/719/702 711/711/694
f 719/719/702 712/712/695 720/720/703
f 713/713/696 720/720/703 712/712/695
f 720/720/703 713/713/696 721/721/704
f 714/714/697 721/721/704 713/713/696
f 715/715/698 721/721/704 714/714/697
f 721/721/704 715/715/698 722/722/705
f 716/716/699 722/722/705 715/715/698
f 722/722/705 716/716/699 723/723/706
f 717/717/700 723/723/706 716/716/699
f 724/724/707 718/718/701 725/725/708
f 719/719/702 725/725/708 718/718/701
f 725/725/708 719/719/702 726/726/709
f 720/720/703 726/726/709 719/719/702
f 726/726/709 720/720/703 727/727/710
f 721/721/704 727/727/710 720/720/703
f 727/727/710 721/721/704 728/728/711
f 722/722/705 728/728/711 721/721/704
f 728/728/711 722/722/705 729/729/712
f 723/723/706 729/729/712 722/722/705
f 730/730/713 724/724/707 731/731/714
f 725/725/708 731/731/714 724/724/707
f 731/731/714 725/725/708 732/732/715
f 726/726/709 732/732/715 725/725/708
f 727/727/710 732/732/715 726/726/709
f 732/732/715 727/727/710 733/733/716
f 728/728/711 733/733/716 727/727/710
f 733/733/716 728/728/711 734/734/717
f 729/729/712 734/734/717 728/728/711
f 735/735/718 730/730/713 736/736/719
f 731/731/714 736/736/719 730/730/713
f 736/736/719 731/731/714 737/737/720
f 732/732/715 737/737/720 731/731/714
f 733/733/716 737/737/720 732/732/715
f 737/737/720 733/733/716 738/738/721
f 734/734/717 738/738/721 733/733/716
f 736/736/719 739/739/722 735/735/718
f 737/737/720 740/740/722 736/736/719
f 738/738/721 741/741/723 737/737/720
f 742/742/724 743/743/725 744/744/726
f 745/745/727 744/744/726 743/743/725
f 744/744/726 745/745/727 746/746/728
f 747/747/729 746/746/728 745/745/727
f 746/746/728 747/747/729 748/748/730
f 749/749/731 748/748/730 747/747/729
f 748/748/730 749/749/731 750/750/732
f 751/751/733 750/750/732 749/749/731
f 750/750/732 751/751/733 752/752/734
f 753/753/735 752/752/734 751/751/733
f 752/752/734 753/753/735 754/754/736
f 755/755/737 754/754/736 753/753/735
f 754/754/736 755/755/737 756/756/738
f 757/757/739 756/756/738 755/755/737
f 756/756/738 757/757/739 758/758/740
f 759/759/741 758/758/740 757/757/739
f 760/760/742 758/758/740 759/759/741
f 758/758/740 760/760/742 761/761/743
f 762/762/744 761/761/743 760/760/742
f 761/761/743 762/762/744 763/763/745
f 764/764/746 763/763/745 762/762/744
f 763/763/745 764/764/746 765/765/747
f 766/766/748 765/765/747 764/764/746
f 765/765/747 766/766/748 767/767/749
f 768/768/750 767/767/749 766/766/748
f 767/767/749 768/768/750 769/769/751
f 770/770/752 769/769/751 768/768/750
f 769/769/751 770/770/752 771/771/753
f 772/772/754 771/771/753 770/770/752
f 771/771/753 772/772/754 773/773/724
f 774/774/725 773/773/724 772/772/754
f 775/775/755 742/742/724 776/776/756
f 744/744/726 776/776/756 742/742/724
f 776/776/756 744/744/726 777/777/757
f 746/746/728 777/777/757 744/744/726
f 777/777/757 746/746/728 778/778/758
f 748/748/730 778/778/758 746/746/728
f 750/750/732 778/778/758 748/748/730
f 778/778/758 750/750/732 779/779/759
f 752/752/734 779/779/759 750/750/732
f 779/779/759 752/752/734 780/780/760
f 754/754/736 780/780/760 752/752/734
f 780/780/760 754/754/736 781/781/761
f 756/756/738 781/781/761 754/754/736
f 781/781/761 756/756/738 782/782/762
f 758/758/740 782/782/762 756/756/738
f 782/782/762 758/758/740 783/783/763
f 761/761/743 783/783/763 758/758/740
f 783/783/763 761/761/743 784/784/764
f 763/763/745 784/784/764 761/761/743
f 784/784/764 763/763/745 785/785/765
f 765/765/747 785/785/765 763/763/745
f 767/767/749 785/785/765 765/765/747
f 785/785/765 767/767/749 786/786/766
f 769/769/751 786/786/766 767/767/749
f 786/786/766 769/769/751 787/787/767
f 771/771/753 787/787/767 769/769/751
f 787/787/767 771/771/753 788/788/755
f 773/773/724 788/788/755 771/771/753
f 776/776/756 789/789/768 775/775/755
f 789/789/768 776/776/756 790/790/769
f 777/777/757 790/790/769 776/776/756
f 778/778/758 790/790/769 777/777/757
f 790/790/769 778/778/758 791/791/770
f 779/779/759 791/791/770 778/778/758
f 780/780/760 791/791/770 779/779/759
f 791/791/770 780/780/760 792/792/771
f 781/781/761 792/792/771 780/780/760
f 782/782/762 792/792/771 781/781/761
f 792/792/771 782/782/762 793/793/772
f 783/783/763 793/793/772 782/782/762
f 784/784/764 793/793/772 783/783/763
f 793/793/772 784/784/764 794/794/773
f 785/785/765 794/794/773 784/784/764
f 786/786/766 794/794/773 785/785/765
f 794/794/773 786/786/766 795/795/768
f 787/787/767 795/795/768 786/786/766
f 788/788/755 795/795/768 787/787/767
f 796/796/774 789/789/768 797/797/775
f 790/790/769 797/797/775 789/789/768
f 797/797/775 790/790/769 798/798/776
f 791/791/770 798/798/776 790/790/769
f 798/798/776 791/791/770 799/799/777
f 792/792/771 799/799/777 791/791/770
f 793/793/772 799/799/777 792/792/771
f 799/799/777 793/793/772 800/800/778
f 794/794/773 800/800/778 793/793/772
f 800/800/778 794/794/773 801/801/779
f 795/795/768 801/801/779 794/794/773
f 802/802/780 796/796/774 803/803/781
f 797/797/775 803/803/781 796/796/774
f 803/803/781 797/797/775 804/804/782
f 798/798/776 804/804/782 797/797/775
f 804/804/782 798/798/776 805/805/783
f 799/799/777 805/805/783 798/798/776
f 805/805/783 799/799/777 806/806/784
f 800/800/778 806/806/784 799/799/777
f 806/806/784 800/800/778 807/807/780
f 801/801/779 807/807/780 800/800/778
f 808/808/785 802/802/780 809/809/786
f 803/803/781 809/809/786 802/802/780
f 809/809/786 803/803/781 810/810/787
f 804/804/782 810/810/787 803/803/781
f 805/805/783 810/810/787 804/804/782
f 810/810/787 805/805/783 811/811/788
f 806/806/784 811/811/788 805/805/783
f 811/811/788 806/806/784 812/812/789
f 807/807/780 812/812/789 806/806/784
f 809/809/786 813/813/790 808/808/785
f 810/810/787 814/814/791 809/809/786
f 811/811/788 814/814/791 810/810/787
f 812/812/789 815/815/792 811/811/788
f 816/816/793 817/817/794 818/818/795
f 819/819/796 818/818/795 817/817/794
f 818/818/795 819/819/796 820/820/797
f 821/821/798 820/820/797 819/819/796
f 820/820/797 821/821/798 822/822/799
f 823/823/800 822/822/799 821/821/798
f 822/822/799 823/823/800 824/824/801
f 825/825/802 824/824/801 823/823/800
f 824/824/801 825/825/802 826/826/803
f 827/827/804 826/826/803 825/825/802
f 826/826/803 827/827/804 828/828/805
f 829/829/806 828/828/805 827/827/804
f 828/828/805 829/829/806 830/830/807
f 831/831/808 830/830/807 829/829/806
f 830/830/807 831/831/808 832/832/809
f 833/833/810 832/832/809 831/831/808
f 834/834/811 832/832/809 833/833/810
f 832/832/809 834/834/811 835/835/812
f 836/836/813 835/835/812 834/834/811
f 835/835/812 836/836/813 837/837/814
f 838/838/815 837/837/814 836/836/813
f 837/837/814 838/838/815 839/839/816
f 840/840/817 839/839/816 838/838/815
f 839/839/816 840/840/817 841/841/818
f 842/842/819 841/841/818 840/840/817
f 841/841/818 842/842/819 843/843/820
f 844/844/821 843/843/820 842/842/819
f 843/843/820 844/844/821 845/845/822
f 846/846/823 845/845/822 844/844/821
f 845/845/822 846/846/823 847/847/793
f 848/848/824 847/847/793 846/846/823
f 849/849/825 816/816/793 850/850/826
f 818/818/795 850/850/826 816/816/793
f 850/850/826 818/818/795 851/851/827
f 820/820/797 851/851/827 818/818/795
f 851/851/827 820/820/797 852/852/828
f 822/822/799 852/852/828 820/820/797
f 824/824/801 852/852/828 822/822/799
f 852/852/828 824/824/801 853/853/829
f 826/826/803 853/853/829 824/824/801
f 853/853/829 826/826/803 854/854/830
f 828/828/805 854/854/830 826/826/803
f 854/854/830 828/828/805 855/855/831
f 830/830/807 855/855/831 828/828/805
f 855/855/831 830/830/807 856/856/832
f 832/832/809 856/856/832 830/830/807
f 856/856/832 832/832/809 857/857/833
f 835/835/812 857/857/833 832/832/809
f 857/857/833 835/835/812 858/858/834
f 837/837/814 858/858/834 835/835/812
f 858/858/834 837/837/814 859/859/835
f 839/839/816 859/859/835 837/837/814
f 841/841/818 859/859/835 839/839/816
f 859/859/835 841/841/818 860/860/836
f 843/843/820 860/860/836 841/841/818
f 860/860/836 843/843/820 861/861/837
f 845/845/822 861/861/837 843/843/820
f 861/861/837 845/845/822 862/862/838
f 847/847/793 862/862/838 845/845/822
f 863/863/839 849/849/825 864/864/840
f 850/850/826 864/864/840 849/849/825
f 851/851/827 864/864/840 850/850/826
f 864/864/840 851/851/827 865/865/841
f 852/852/828 865/865/841 851/851/827
f 853/853/829 865/865/841 852/852/828
f 865/865/841 853/853/829 866/866/842
f 854/854/830 866/866/842 853/853/829
f 866/866/842 854/854/830 867/867/843
f 855/855/831 867/867/843 854/854/830
f 856/856/832 867/867/843 855/855/831
f 867/867/843 856/856/832 868/868/844
f 857/857/833 868/868/844 856/856/832
f 868/868/844 857/857/833 869/869/845
f 858/858/834 869/869/845 857/857/833
f 859/859/835 869/869/845 858/858/834
f 869/869/845 859/859/835 870/870/846
f 860/860/836 870/870/846 859/859/835
f 861/861/837 870/870/846 860/860/836
f 870/870/846 861/861/837 871/871/847
f 862/862/838 871/871/847 861/861/837
f 872/872/848 863/863/839 873/873/849
f 864/864/840 873/873/849 863/863/839
f 873/873/849 864/864/840 874/874/850
f 865/865/841 874/874/850 864/864/840
f 874/874/850 865/865/841 875/875/851
f 866/866/842 875/875/851 865/865/841
f 875/875/851 866/866/842 876/876/852
f 867/867/843 876/876/852 866/866/842
f 868/868/844 876/876/852 867/867/843
f 876/876/852 868/868/844 877/877/853
f 869/869/845 877/877/853 868/868/844
f 877/877/853 869/869/845 878/878/854
f 870/870/846 878/878/854 869/869/845
f 878/878/854 870/870/846 879/879/855
f 871/871/847 879/879/855 870/870/846
f 880/880/856 872/872/848 881/881/857
f 873/873/849 881/881/857 872/872/848
f 881/881/857 873/873/849 882/882/858
f 874/874/850 882/882/858 873/873/849
f 882/882/858 874/874/850 883/883/859
f 875/875/851 883/883/859 874/874/850
f 876/876/852 883/883/859 875/875/851
f 883/883/859 876/876/852 884/884/860
f 877/877/853 884/884/860 876/876/852
f 884/884/860 877/877/853 885/885/861
f 878/878/854 885/885/861 877/877/853
f 885/885/861 878/878/854 886/886/862
f 879/879/855 886/886/862 878/878/854
f 887/887/863 880/880/856 888/888/864
f 881/881/857 888/888/864 880/880/856
f 888/888/864 881/881/857 889/889/865
f 882/882/858 889/889/865 881/881/857
f 889/889/865 882/882/858 890/890/866
f 883/883/859 890/890/866 882/882/858
f 884/884/860 890/890/866 883/883/859
f 890/890/866 884/884/860 891/891/867
f 885/885/861 891/891/867 884/884/860
f 891/891/867 885/885/861 892/892/868
f 886/886/862 892/892/868 885/885/861
f 893/893/869 887/887/863 894/894/870
f 888/888/864 894/894/870 887/887/863
f 894/894/870 888/888/864 895/895/871
f 889/889/865 895/895/871 888/888/864
f 895/895/871 889/889/865 896/896/872
f 890/890/866 896/896/872 889/889/865
f 896/896/872 890/890/866 897/897/873
f 891/891/867 897/897/873 890/890/866
f 897/897/873 891/891/867 898/898/874
f 892/892/868 898/898/874 891/891/867
f 899/899/875 893/893/869 900/900/876
f 894/894/870 900/900/876 893/893/869
f 900/900/876 894/894/870 901/901/877
f 895/895/871 901/901/877 894/894/870
f 896/896/872 901/901/877 895/895/871
f 901/901/877 896/896/872 902/902/878
f 897/897/873 902/902/878 896/896/872
f 902/902/878 897/897/873 903/903/879
f 898/898/874 903/903/879 897/897/873
f 904/904/880 899/899/875 905/905/881
f 900/900/876 905/905/881 899/899/875
f 905/905/881 900/900/876 906/906/882
f 901/901/877 906/906/882 900/900/876
f 902/902/878 906/906/882 901/901/877
f 906/906/882 902/902/878 907/907/880
f 903/903/879 907/907/880 902/902/878
f 905/905/881 908/908/883 904/904/880
f 906/906/882 909/909/883 905/905/881
f 907/907/880 910/910/884 906/906/882
f 911/911/885 912/912/886 913/913/887
f 914/914/888 913/913/887 912/912/886
f 913/913/887 914/914/888 915/915/889
f 916/916/890 915/915/889 914/914/888
f 915/915/889 916/916/890 917/917/891
f 918/918/892 917/917/891 916/916/890
f 917/917/891 918/918/892 919/919/893
f 920/920/894 919/919/893 918/918/892
f 919/919/893 920/920/894 921/921/895
f 922/922/896 921/921/895 920/920/894
f 921/921/895 922/922/896 923/923/897
f 924/924/898 923/923/897 922/922/896
f 923/923/897 924/924/898 925/925/899
f 926/926/900 925/925/899 924/924/898
f 925/925/899 926/926/900 927/927/901
f 928/928/902 927/927/901 926/926/900
f 929/929/903 927/927/901 928/928/902
f 927/927/901 929/929/903 930/930/904
f 931/931/905 930/930/904 929/929/903
f 930/930/904 931/931/905 932/932/906
f 933/933/907 932/932/906 931/931/905
f 932/932/906 933/933/907 934/934/908
f 935/935/909 934/934/908 933/933/907
f 934/934/908 935/935/909 936/936/910
f 937/937/911 936/936/910 935/935/909
f 936/936/910 937/937/911 938/938/912
f 939/939/913 938/938/912 937/937/911
f 938/938/912 939/939/913 940/940/914
f 941/941/915 940/940/914 939/939/913
f 940/940/914 941/941/915 942/942/916
f 943/943/917 942/942/916 941/941/915
f 944/944/918 911/911/885 945/945/919
f 913/913/887 945/945/919 911/911/885
f 945/945/919 913/913/887 946/946/920
f 915/915/889 946/946/920 913/913/887
f 946/946/920 915/915/889 947/947/921
f 917/917/891 947/947/921 915/915/889
f 919/919/893 947/947/921 917/917/891
f 947/947/921 919/919/893 948/948/922
f 921/921/895 948/948/922 919/919/893
f 948/948/922 921/921/895 949/949/923
f 923/923/897 949/949/923 921/921/895
f 949/949/923 923/923/897 950/950/924
f 925/925/899 950/950/924 923/923/897
f 950/950/924 925/925/899 951/951/925
f 927/927/901 951/951/925 925/925/899
f 951/951/925 927/927/901 952/952/926
f 930/930/904 952/952/926 927/927/901
f 952/952/926 930/930/904 953/953/927
f 932/932/906 953/953/927 930/930/904
f 953/953/927 932/932/906 954/954/928
f 934/934/908 954/954/928 932/932/906
f 936/936/910 954/954/928 934/934/908
f 954/954/928 936/936/910 955/955/929
f 938/938/912 955/955/929 936/936/910
f 955/955/929 938/938/912 956/956/930
f 940/940/914 956/956/930 938/938/912
f 956/956/930 940/940/914 957/957/931
f 942/942/916 957/957/931 940/940/914
f 958/958/932 944/944/918 959/959/933
f 945/945/919 959/959/933 944/944/918
f 946/946/920 959/959/933 945/945/919
f 959/959/933 946/946/920 960/960/934
f 947/947/921 960/960/934 946/946/920
f 948/948/922 960/960/934 947/947/921
f 960/960/934 948/948/922 961/961/935
f 949/949/923 961/961/935 948/948/922
f 961/961/935 949/949/923 962/962/936
f 950/950/924 962/962/936 949/949/923
f 951/951/925 962/962/936 950/950/924
f 962/962/936 951/951/925 963/963/937
f 952/952/926 963/963/937 951/951/925
f 963/963/937 952/952/926 964/964/938
f 953/953/927 964/964/938 952/952/926
f 954/954/928 964/964/938 953/953/927
f 964/964/938 954/954/928 965/965/939
f 955/955/929 965/965/939 954/954/928
f 956/956/930 965/965/939 955/955/929
f 965/965/939 956/956/930 966/966/932
f 957/957/931 966/966/932 956/956/930
f 967/967/940 958/958/932 968/968/941
f 959/959/933 968/968/941 958/958/932
f 968/968/941 959/959/933 969/969/942
f 960/960/934 969/969/942 959/959/933
f 969/969/942 960/960/934 970/970/943
f 961/961/935 970/970/943 960/960/934
f 970/970/943 961/961/935 971/971/944
f 962/962/936 971/971/944 961/961/935
f 963/963/937 971/971/944 962/962/936
f 971/971/944 963/963/937 972/972/945
f 964/964/938 972/972/945 963/963/937
f 972/972/945 964/964/938 973/973/946
f 965/965/939 973/973/946 964/964/938
f 973/973/946 965/965/939 974/974/940
f 966/966/932 974/974/940 965/965/939
f 975/975/947 967/967/940 976/976/948
f 968/968/941 976/976/948 967/967/940
f 976/976/948 968/968/941 977/977/949
f 969/969/942 977/977/949 968/968/941
f 977/977/949 969/969/942 978/978/950
f 970/970/943 978/978/950 969/969/942
f 971/971/944 978/978/950 970/970/943
f 978/978/950 971/971/944 979/979/951
f 972/972/945 979/979/951 971/971/944
f 979/979/951 972/972/945 980/980/952
f 973/973/946 980/980/952 972/972/945
f 980/980/952 973/973/946 981/981/953
f 974/974/940 981/981/953 973/973/946
f 982/982/954 975/975/947 983/983/955
f 976/976/948 983/983/955 975/975/947
f 983/983/955 976/976/948 984/984/956
f 977/977/949 984/984/956 976/976/948
f 984/984/956 977/977/949 985/985/957
f 978/978/950 985/985/957 977/977/949
f 979/979/951 985/985/957 978/978/950
f 985/985/957 979/979/951 986/986/958
f 980/980/952 986/986/958 979/979/951
f 986/986/958 980/980/952 987/987/954
f 981/981/953 987/987/954 980/980/952
f 988/988/959 982/982/954 989/989/960
f 983/983/955 989/989/960 982/982/954
f 989/989/960 983/983/955 990/990/961
f 984/984/956 990/990/961 983/983/955
f 990/990/961 984/984/956 991/991/962
f 985/985/957 991/991/962 984/984/956
f 991/991/962 985/985/957 992/992/963
f 986/986/958 992/992/963 985/985/957
f 992/992/963 986/986/958 993/993/964
f 987/987/954 993/993/964 986/986/958
f 994/994/965 988/988/959 995/995/966
f 989/989/960 995/995/966 988/988/959
f 995/995/966 989/989/960 996/996/967
f 990/990/961 996/996/967 989/989/960
f 991/991/962 996/996/967 990/990/961
f 996/996/967 991/991/962 997/997/968
f 992/992/963 997/997/968 991/991/962
f 997/997/968 992/992/963 998/998/969
f 993/993/964 998/998/969 992/992/963
f 999/999/970 994/994/965 1000/1000/971
f 995/995/966 1000/1000/971 994/994/965
f 1000/1000/971 995/995/966 1001/1001/972
f 996/996/967 1001/1001/972 995/995/966
f 997/997/968 1001/1001/972 996/996/967
f 1001/1001/972 997/997/968 1002/1002/973
f 998/998/969 1002/1002/973 997/997/968
f 1000/1000/971 1003/1003/974 999/999/970
f 1001/1001/972 1004/1004/975 1000/1000/971
f 1002/1002/973 1005/1005/976 1001/1001/972
