# Blender 5.0.1
# www.blender.org
mtllib shrub1.mtl
o Plane.012_cloversMat_0
v 0.002929 0.257130 -0.998797
v 0.006994 0.257924 -0.999560
v 0.004928 0.257774 -1.000908
v -0.002677 -0.000428 -0.997966
v 0.003210 0.049134 -0.979715
v 0.003016 0.079155 -0.970488
v 0.007249 0.072097 -0.973706
v 0.009105 0.131610 -0.921839
v 0.006925 0.128384 -0.919052
v 0.006925 0.128384 -0.919052
v 0.005325 0.155501 -0.881823
v 0.004930 0.132731 -0.919557
v -0.002428 -0.000371 -1.002336
v -0.019331 0.049080 -0.992694
v -0.028350 0.079109 -0.990851
v -0.024542 0.071962 -0.987312
v -0.075238 0.131480 -0.976222
v -0.078343 0.128303 -0.978006
v -0.078343 0.128303 -0.978006
v -0.115254 0.155485 -0.973252
v -0.078137 0.132689 -0.979968
v 0.002845 -0.000334 -1.001812
v -0.000616 0.050558 -1.016716
v 0.000866 0.081169 -1.023591
v -0.003748 0.073985 -1.021309
v 0.000022 0.137199 -1.068483
v 0.002400 0.134141 -1.071298
v 0.002400 0.134141 -1.071298
v 0.007793 0.163897 -1.106074
v 0.004405 0.138395 -1.070288
v 0.001706 -0.000219 -0.997079
v 0.015028 0.051080 -1.000959
v 0.020810 0.081930 -0.999817
v 0.018958 0.074588 -1.004373
v 0.063801 0.139437 -0.999995
v 0.066618 0.136523 -0.997447
v 0.066618 0.136523 -0.997447
v 0.100135 0.167545 -0.991272
v 0.065387 0.140776 -0.995569
v -0.012670 0.064585 -0.982976
v -0.033991 0.109673 -0.964954
v -0.019061 0.062161 -0.982343
v -0.004023 -0.000542 -1.001382
v -0.019061 0.062161 -0.982343
v -0.028896 0.100141 -0.976051
v -0.033991 0.109673 -0.964954
v -0.075745 0.166503 -0.935398
v -0.080209 0.162422 -0.935728
v -0.080209 0.162422 -0.935728
v -0.120467 0.196728 -0.911198
v -0.081083 0.167922 -0.938181
v -0.019705 0.064448 -1.008926
v -0.041466 0.109493 -1.026525
v -0.021291 0.062092 -1.015175
v 0.000746 -0.000470 -1.004197
v -0.021291 0.062092 -1.015175
v -0.029577 0.100083 -1.023357
v -0.041466 0.109493 -1.026525
v -0.077967 0.166339 -1.062342
v -0.078278 0.162319 -1.066862
v -0.078278 0.162319 -1.066862
v -0.109262 0.196708 -1.102311
v -0.076069 0.167868 -1.068026
v 0.010592 0.066026 -1.012244
v 0.030942 0.113100 -1.025745
v 0.017137 0.063962 -1.012416
v 0.003908 -0.000423 -0.998285
v 0.017137 0.063962 -1.012416
v 0.025406 0.102689 -1.015700
v 0.030942 0.113100 -1.025745
v 0.071998 0.173574 -1.048194
v 0.076631 0.169706 -1.047676
v 0.076631 0.169706 -1.047676
v 0.116982 0.207350 -1.066492
v 0.076981 0.175087 -1.044858
v 0.011674 0.066431 -0.991501
v 0.024253 0.114306 -0.972474
v 0.011589 0.064623 -0.984879
v -0.001869 -0.000277 -0.996150
v 0.011589 0.064623 -0.984879
v 0.014459 0.103652 -0.977997
v 0.024253 0.114306 -0.972474
v 0.044915 0.176406 -0.932935
v 0.044220 0.172719 -0.928179
v 0.044220 0.172719 -0.928179
v 0.061328 0.211966 -0.888602
v 0.041379 0.178099 -0.928151
v 0.000454 -0.000525 -1.002351
v -0.023346 0.048703 -1.019832
v -0.022548 0.053087 -1.020245
v -0.022625 0.048396 -1.015906
v -0.053842 0.084891 -1.046796
v -0.053785 0.082279 -1.049068
v -0.052847 0.085451 -1.050142
v -0.074134 0.098394 -1.069985
v -0.053842 0.084891 -1.046796
v -0.053785 0.082279 -1.049068
v -0.074134 0.098394 -1.069985
v -0.052847 0.085451 -1.050142
v -0.075761 0.096504 -1.070341
v -0.075804 0.108846 -1.063515
v -0.066911 0.108249 -1.072729
v 0.002401 -0.000482 -0.999895
v 0.015294 0.048835 -1.026298
v 0.015743 0.053232 -1.025594
v 0.011524 0.048468 -1.025002
v 0.036807 0.085218 -1.060651
v 0.039109 0.082645 -1.060916
v 0.040252 0.085842 -1.060164
v 0.056498 0.098940 -1.084225
v 0.036807 0.085218 -1.060651
v 0.039109 0.082645 -1.060916
v 0.056498 0.098940 -1.084225
v 0.040252 0.085842 -1.060164
v -0.000723 -0.000450 -0.997701
v 0.021237 0.049240 -0.979150
v 0.020424 0.053637 -0.978966
v 0.020966 0.048812 -0.983121
v 0.048685 0.086177 -0.950013
v 0.048352 0.083638 -0.947683
v 0.047318 0.086845 -0.946822
v 0.066283 0.100348 -0.925088
v 0.048685 0.086177 -0.950013
v 0.048352 0.083638 -0.947683
v 0.066283 0.100348 -0.925088
v 0.047318 0.086845 -0.946822
v -0.002266 -0.000290 -1.000889
v -0.019629 0.049288 -0.977737
v -0.019530 0.053722 -0.978342
v -0.015676 0.048656 -0.977776
v -0.048562 0.086477 -0.950414
v -0.050994 0.084088 -0.951018
v -0.051617 0.087381 -0.951946
v -0.073828 0.101176 -0.933759
v -0.048562 0.086477 -0.950414
v -0.050994 0.084088 -0.951018
v -0.073828 0.101176 -0.933759
v -0.051617 0.087381 -0.951946
v 0.003368 0.257345 -0.996456
v 0.018429 0.261355 -0.999154
v 0.010263 0.261911 -1.010974
v 0.004056 0.258103 -0.997051
v -0.005466 0.260117 -0.984582
v 0.008481 0.260932 -0.981191
v 0.005230 0.257558 -0.996946
v -0.002445 0.261023 -1.010336
v -0.010713 0.262259 -0.998641
v 0.003016 0.079155 -0.970488
v 0.003210 0.049134 -0.979715
v 0.004151 0.085404 -0.960444
v 0.003210 0.049134 -0.979715
v 0.007249 0.072097 -0.973706
v 0.004151 0.085404 -0.960444
v 0.007249 0.072097 -0.973706
v 0.003016 0.079155 -0.970488
v 0.009105 0.131610 -0.921839
v 0.003016 0.079155 -0.970488
v 0.004930 0.132731 -0.919557
v 0.009105 0.131610 -0.921839
v 0.004151 0.085404 -0.960444
v 0.007249 0.072097 -0.973706
v 0.006925 0.128384 -0.919052
v -0.028350 0.079109 -0.990851
v -0.019331 0.049080 -0.992694
v -0.038068 0.085343 -0.988043
v -0.019331 0.049080 -0.992694
v -0.024542 0.071962 -0.987312
v -0.038068 0.085343 -0.988043
v -0.024542 0.071962 -0.987312
v -0.028350 0.079109 -0.990851
v -0.075238 0.131480 -0.976222
v -0.028350 0.079109 -0.990851
v -0.078137 0.132689 -0.979968
v -0.075238 0.131480 -0.976222
v -0.038068 0.085343 -0.988043
v -0.024542 0.071962 -0.987312
v -0.078343 0.128303 -0.978006
v 0.000866 0.081169 -1.023591
v -0.000616 0.050558 -1.016716
v 0.000745 0.088166 -1.033194
v -0.000616 0.050558 -1.016716
v -0.003748 0.073985 -1.021309
v 0.000745 0.088166 -1.033194
v -0.003748 0.073985 -1.021309
v 0.000866 0.081169 -1.023591
v 0.000022 0.137199 -1.068483
v 0.000866 0.081169 -1.023591
v 0.004405 0.138395 -1.070288
v 0.000022 0.137199 -1.068483
v 0.000745 0.088166 -1.033194
v -0.003748 0.073985 -1.021309
v 0.002400 0.134141 -1.071298
v 0.020810 0.081930 -0.999817
v 0.015028 0.051080 -1.000959
v 0.030171 0.089248 -0.999695
v 0.015028 0.051080 -1.000959
v 0.018958 0.074588 -1.004373
v 0.030171 0.089248 -0.999695
v 0.018958 0.074588 -1.004373
v 0.020810 0.081930 -0.999817
v 0.063801 0.139437 -0.999995
v 0.020810 0.081930 -0.999817
v 0.065387 0.140776 -0.995569
v 0.063801 0.139437 -0.999995
v 0.030171 0.089248 -0.999695
v 0.018958 0.074588 -1.004373
v 0.066618 0.136523 -0.997447
v -0.028896 0.100141 -0.976051
v -0.019061 0.062161 -0.982343
v -0.038655 0.108046 -0.967787
v -0.012670 0.064585 -0.982976
v -0.028896 0.100141 -0.976051
v -0.033991 0.109673 -0.964954
v -0.019061 0.062161 -0.982343
v -0.033991 0.109673 -0.964954
v -0.038655 0.108046 -0.967787
v -0.033991 0.109673 -0.964954
v -0.028896 0.100141 -0.976051
v -0.075745 0.166503 -0.935398
v -0.028896 0.100141 -0.976051
v -0.081083 0.167922 -0.938181
v -0.075745 0.166503 -0.935398
v -0.038655 0.108046 -0.967787
v -0.033991 0.109673 -0.964954
v -0.080209 0.162422 -0.935728
v -0.029577 0.100083 -1.023357
v -0.021291 0.062092 -1.015175
v -0.039371 0.107970 -1.031596
v -0.019705 0.064448 -1.008926
v -0.029577 0.100083 -1.023357
v -0.041466 0.109493 -1.026525
v -0.021291 0.062092 -1.015175
v -0.041466 0.109493 -1.026525
v -0.039371 0.107970 -1.031596
v -0.041466 0.109493 -1.026525
v -0.029577 0.100083 -1.023357
v -0.077967 0.166339 -1.062342
v -0.029577 0.100083 -1.023357
v -0.076069 0.167868 -1.068026
v -0.077967 0.166339 -1.062342
v -0.039371 0.107970 -1.031596
v -0.041466 0.109493 -1.026525
v -0.078278 0.162319 -1.066862
v 0.025406 0.102689 -1.015700
v 0.017137 0.063962 -1.012416
v 0.035416 0.111541 -1.022588
v 0.010592 0.066026 -1.012244
v 0.025406 0.102689 -1.015700
v 0.030942 0.113100 -1.025745
v 0.017137 0.063962 -1.012416
v 0.030942 0.113100 -1.025745
v 0.035416 0.111541 -1.022588
v 0.030942 0.113100 -1.025745
v 0.025406 0.102689 -1.015700
v 0.071998 0.173574 -1.048194
v 0.025406 0.102689 -1.015700
v 0.076981 0.175087 -1.044858
v 0.071998 0.173574 -1.048194
v 0.035416 0.111541 -1.022588
v 0.030942 0.113100 -1.025745
v 0.076631 0.169706 -1.047676
v 0.014459 0.103652 -0.977997
v 0.011589 0.064623 -0.984879
v 0.020922 0.112910 -0.968072
v 0.011674 0.066431 -0.991501
v 0.014459 0.103652 -0.977997
v 0.024253 0.114306 -0.972474
v 0.011589 0.064623 -0.984879
v 0.024253 0.114306 -0.972474
v 0.020922 0.112910 -0.968072
v 0.024253 0.114306 -0.972474
v 0.014459 0.103652 -0.977997
v 0.044915 0.176406 -0.932935
v 0.014459 0.103652 -0.977997
v 0.041379 0.178099 -0.928151
v 0.044915 0.176406 -0.932935
v 0.020922 0.112910 -0.968072
v 0.024253 0.114306 -0.972474
v 0.044220 0.172719 -0.928179
v -0.053785 0.082279 -1.049068
v -0.053842 0.084891 -1.046796
v -0.074134 0.098394 -1.069985
v -0.022625 0.048396 -1.015906
v -0.022548 0.053087 -1.020245
v -0.053842 0.084891 -1.046796
v -0.022548 0.053087 -1.020245
v -0.052847 0.085451 -1.050142
v -0.053842 0.084891 -1.046796
v -0.023346 0.048703 -1.019832
v -0.022625 0.048396 -1.015906
v -0.053785 0.082279 -1.049068
v -0.075669 0.097547 -1.070477
v -0.085951 0.088521 -1.073900
v -0.089141 0.096320 -1.064240
v -0.075517 0.097929 -1.069396
v -0.066783 0.099774 -1.080314
v -0.076136 0.091353 -1.082748
v 0.039109 0.082645 -1.060916
v 0.036807 0.085218 -1.060651
v 0.056498 0.098940 -1.084225
v 0.011524 0.048468 -1.025002
v 0.015743 0.053232 -1.025594
v 0.036807 0.085218 -1.060651
v 0.015743 0.053232 -1.025594
v 0.040252 0.085842 -1.060164
v 0.036807 0.085218 -1.060651
v 0.015294 0.048835 -1.026298
v 0.011524 0.048468 -1.025002
v 0.039109 0.082645 -1.060916
v 0.056643 0.097044 -1.085877
v 0.049668 0.109268 -1.084979
v 0.060106 0.108899 -1.077548
v 0.056773 0.098089 -1.085812
v 0.058798 0.089037 -1.096435
v 0.048636 0.096647 -1.098206
v 0.055719 0.098454 -1.085504
v 0.067774 0.100554 -1.078491
v 0.068948 0.092098 -1.088053
v 0.048352 0.083638 -0.947683
v 0.048685 0.086177 -0.950013
v 0.066283 0.100348 -0.925088
v 0.020966 0.048812 -0.983121
v 0.020424 0.053637 -0.978966
v 0.048685 0.086177 -0.950013
v 0.020424 0.053637 -0.978966
v 0.047318 0.086845 -0.946822
v 0.048685 0.086177 -0.950013
v 0.021237 0.049240 -0.979150
v 0.020966 0.048812 -0.983121
v 0.048352 0.083638 -0.947683
v 0.067848 0.098467 -0.924490
v 0.068746 0.110587 -0.931645
v 0.058860 0.110305 -0.923490
v 0.067747 0.099514 -0.924397
v 0.077515 0.090571 -0.919546
v 0.081835 0.098054 -0.929014
v 0.067722 0.099861 -0.925501
v 0.057811 0.102073 -0.915714
v 0.066772 0.093708 -0.911968
v -0.050994 0.084088 -0.951018
v -0.048562 0.086477 -0.950414
v -0.073828 0.101176 -0.933759
v -0.015676 0.048656 -0.977776
v -0.019530 0.053722 -0.978342
v -0.048562 0.086477 -0.950414
v -0.019530 0.053722 -0.978342
v -0.051617 0.087381 -0.951946
v -0.048562 0.086477 -0.950414
v -0.019629 0.049288 -0.977737
v -0.015676 0.048656 -0.977776
v -0.050994 0.084088 -0.951018
v -0.074624 0.099261 -0.932330
v -0.066925 0.110917 -0.930385
v -0.074413 0.111534 -0.940771
v -0.074656 0.100315 -0.932385
v -0.080599 0.091216 -0.923397
v -0.071061 0.097962 -0.918121
v -0.073536 0.100603 -0.932323
v -0.082519 0.103798 -0.942715
v -0.087278 0.095251 -0.934432
v 0.003016 0.079155 -0.970488
v 0.007249 0.072097 -0.973706
v 0.002714 0.000603 -1.002574
v -0.002677 -0.000428 -0.997966
v 0.003210 0.049134 -0.979715
v -0.002677 -0.000428 -0.997966
v 0.002714 0.000603 -1.002574
v 0.007249 0.072097 -0.973706
v 0.004930 0.132731 -0.919557
v 0.003016 0.079155 -0.970488
v 0.004151 0.085404 -0.960444
v 0.006925 0.128384 -0.919052
v 0.009711 0.158457 -0.883922
v 0.005325 0.155501 -0.881823
v 0.006925 0.128384 -0.919052
v 0.009105 0.131610 -0.921839
v 0.009711 0.158457 -0.883922
v 0.009105 0.131610 -0.921839
v 0.004930 0.132731 -0.919557
v 0.005325 0.155501 -0.881823
v 0.015173 0.170361 -0.889966
v -0.002507 0.169553 -0.888951
v 0.007839 0.154742 -0.880518
v 0.009686 0.154882 -0.880736
v 0.028065 0.155485 -0.874036
v 0.009385 0.156449 -0.880930
v 0.008181 0.155347 -0.880027
v 0.015788 0.145816 -0.865668
v -0.009726 0.159128 -0.879644
v -0.002515 0.149482 -0.866636
v 0.009606 0.155815 -0.881144
v 0.008744 0.156763 -0.882498
v -0.028350 0.079109 -0.990851
v -0.024542 0.071962 -0.987312
v 0.002968 0.000545 -0.997708
v -0.002428 -0.000371 -1.002336
v -0.019331 0.049080 -0.992694
v -0.002428 -0.000371 -1.002336
v 0.002968 0.000545 -0.997708
v -0.024542 0.071962 -0.987312
v -0.078137 0.132689 -0.979968
v -0.028350 0.079109 -0.990851
v -0.038068 0.085343 -0.988043
v -0.078343 0.128303 -0.978006
v -0.112485 0.158350 -0.969188
v -0.115254 0.155485 -0.973252
v -0.078343 0.128303 -0.978006
v -0.075238 0.131480 -0.976222
v -0.112485 0.158350 -0.969188
v -0.075238 0.131480 -0.976222
v -0.078137 0.132689 -0.979968
v -0.115254 0.155485 -0.973252
v -0.109378 0.169687 -0.981814
v -0.116155 0.154677 -0.970581
v -0.115652 0.154779 -0.968787
v -0.105616 0.170133 -0.964497
v -0.129625 0.145607 -0.960597
v -0.119405 0.155010 -0.949579
v -0.115500 0.156352 -0.969084
v -0.116584 0.155276 -0.970155
v -0.131502 0.149649 -0.978748
v -0.115258 0.155713 -0.968912
v -0.114050 0.156677 -0.969955
v -0.119733 0.159420 -0.987705
v 0.000866 0.081169 -1.023591
v -0.003748 0.073985 -1.021309
v -0.002928 0.000470 -0.997642
v 0.002845 -0.000334 -1.001812
v -0.000616 0.050558 -1.016716
v 0.002845 -0.000334 -1.001812
v -0.002928 0.000470 -0.997642
v -0.003748 0.073985 -1.021309
v 0.004405 0.138395 -1.070288
v 0.000866 0.081169 -1.023591
v 0.000745 0.088166 -1.033194
v 0.002400 0.134141 -1.071298
v 0.003278 0.166784 -1.104160
v 0.007793 0.163897 -1.106074
v 0.002400 0.134141 -1.071298
v 0.000022 0.137199 -1.068483
v 0.003278 0.166784 -1.104160
v 0.000022 0.137199 -1.068483
v 0.004405 0.138395 -1.070288
v 0.007793 0.163897 -1.106074
v 0.015149 0.177212 -1.097235
v 0.005398 0.163292 -1.107653
v 0.003541 0.163455 -1.107593
v -0.002535 0.178323 -1.097749
v -0.001294 0.155663 -1.123790
v -0.014143 0.164944 -1.115851
v 0.003846 0.164996 -1.107254
v 0.005111 0.163939 -1.108126
v 0.016894 0.158856 -1.120908
v 0.003597 0.164353 -1.107110
v 0.004346 0.165179 -1.105615
v 0.023033 0.167349 -1.106610
v 0.020810 0.081930 -0.999817
v 0.018958 0.074588 -1.004373
v -0.002252 0.000334 -1.003028
v 0.001706 -0.000219 -0.997079
v 0.015028 0.051080 -1.000959
v 0.001706 -0.000219 -0.997079
v -0.002252 0.000334 -1.003028
v 0.018958 0.074588 -1.004373
v 0.065387 0.140776 -0.995569
v 0.020810 0.081930 -0.999817
v 0.030171 0.089248 -0.999695
v 0.066618 0.136523 -0.997447
v 0.098309 0.170281 -0.995915
v 0.100135 0.167545 -0.991272
v 0.066618 0.136523 -0.997447
v 0.063801 0.139437 -0.999995
v 0.098309 0.170281 -0.995915
v 0.063801 0.139437 -0.999995
v 0.065387 0.140776 -0.995569
v 0.100135 0.167545 -0.991272
v 0.090566 0.180684 -0.984539
v 0.101828 0.166950 -0.993590
v 0.101838 0.167077 -0.995451
v 0.091756 0.181484 -1.002207
v 0.110750 0.168524 -1.012815
v 0.101436 0.168611 -0.995190
v 0.102291 0.167608 -0.993871
v 0.118468 0.159755 -0.999483
v 0.114750 0.163185 -0.981491
v 0.101323 0.167958 -0.995432
v 0.099773 0.168747 -0.994759
v 0.099941 0.171296 -0.976095
v -0.028896 0.100141 -0.976051
v -0.012670 0.064585 -0.982976
v 0.004617 0.000763 -0.998960
v -0.004023 -0.000542 -1.001382
v -0.019061 0.062161 -0.982343
v -0.004023 -0.000542 -1.001382
v 0.004617 0.000763 -0.998960
v -0.012670 0.064585 -0.982976
v -0.081083 0.167922 -0.938181
v -0.028896 0.100141 -0.976051
v -0.038655 0.108046 -0.967787
v -0.080209 0.162422 -0.935728
v -0.115173 0.200469 -0.908066
v -0.120467 0.196728 -0.911198
v -0.080209 0.162422 -0.935728
v -0.075745 0.166503 -0.935398
v -0.115173 0.200469 -0.908066
v -0.075745 0.166503 -0.935398
v -0.081083 0.167922 -0.938181
v -0.120467 0.196728 -0.911198
v -0.118495 0.214507 -0.924443
v -0.120068 0.195768 -0.907637
v -0.118540 0.195945 -0.905848
v -0.104975 0.215528 -0.906580
v -0.112642 0.196708 -0.881812
v -0.118547 0.197927 -0.906301
v -0.120344 0.196534 -0.906931
v -0.130081 0.184476 -0.888826
v -0.141951 0.189121 -0.908742
v -0.118167 0.197125 -0.906220
v -0.117351 0.198325 -0.908080
v -0.133355 0.201317 -0.925484
v -0.029577 0.100083 -1.023357
v -0.019705 0.064448 -1.008926
v -0.000320 0.000690 -0.995267
v 0.000746 -0.000470 -1.004197
v -0.021291 0.062092 -1.015175
v 0.000746 -0.000470 -1.004197
v -0.000320 0.000690 -0.995267
v -0.019705 0.064448 -1.008926
v -0.076069 0.167868 -1.068026
v -0.029577 0.100083 -1.023357
v -0.039371 0.107970 -1.031596
v -0.078278 0.162319 -1.066862
v -0.111585 0.200333 -1.096540
v -0.109262 0.196708 -1.102311
v -0.078278 0.162319 -1.066862
v -0.077967 0.166339 -1.062342
v -0.111585 0.200333 -1.096540
v -0.077967 0.166339 -1.062342
v -0.076069 0.167868 -1.068026
v -0.109262 0.196708 -1.102311
v -0.096126 0.214676 -1.102164
v -0.112704 0.195686 -1.101378
v -0.114235 0.195815 -1.099587
v -0.111679 0.215240 -1.086017
v -0.137068 0.196114 -1.090013
v -0.113817 0.197804 -1.099636
v -0.113455 0.196444 -1.101529
v -0.132682 0.184212 -1.108507
v -0.114925 0.189325 -1.123260
v -0.113827 0.196996 -1.099260
v -0.111879 0.198216 -1.098725
v -0.097224 0.201687 -1.117195
v 0.025406 0.102689 -1.015700
v 0.010592 0.066026 -1.012244
v -0.004540 0.000594 -1.001418
v 0.003908 -0.000423 -0.998285
v 0.017137 0.063962 -1.012416
v 0.003908 -0.000423 -0.998285
v -0.004540 0.000594 -1.001418
v 0.010592 0.066026 -1.012244
v 0.076981 0.175087 -1.044858
v 0.025406 0.102689 -1.015700
v 0.035416 0.111541 -1.022588
v 0.076631 0.169706 -1.047676
v 0.111791 0.211003 -1.069890
v 0.116982 0.207350 -1.066492
v 0.076631 0.169706 -1.047676
v 0.071998 0.173574 -1.048194
v 0.111791 0.211003 -1.069890
v 0.071998 0.173574 -1.048194
v 0.076981 0.175087 -1.044858
v 0.116982 0.207350 -1.066492
v 0.112870 0.224195 -1.052537
v 0.116955 0.206584 -1.070122
v 0.115584 0.206791 -1.072031
v 0.100960 0.225602 -1.071487
v 0.111819 0.208682 -1.096431
v 0.115443 0.208741 -1.071472
v 0.117250 0.207403 -1.070756
v 0.129205 0.196934 -1.088517
v 0.138982 0.200973 -1.067371
v 0.115116 0.207927 -1.071632
v 0.114073 0.208973 -1.069792
v 0.128276 0.211717 -1.050852
v 0.014459 0.103652 -0.977997
v 0.011674 0.066431 -0.991501
v 0.001597 0.000423 -1.004500
v -0.001869 -0.000277 -0.996150
v 0.011589 0.064623 -0.984879
v -0.001869 -0.000277 -0.996150
v 0.001597 0.000423 -1.004500
v 0.011674 0.066431 -0.991501
v 0.041379 0.178099 -0.928151
v 0.014459 0.103652 -0.977997
v 0.020922 0.112910 -0.968072
v 0.044220 0.172719 -0.928179
v 0.064923 0.215427 -0.893791
v 0.061328 0.211966 -0.888602
v 0.044220 0.172719 -0.928179
v 0.044915 0.176406 -0.932935
v 0.064923 0.215427 -0.893791
v 0.044915 0.176406 -0.932935
v 0.041379 0.178099 -0.928151
v 0.061328 0.211966 -0.888602
v 0.047514 0.228588 -0.893920
v 0.064957 0.211213 -0.888454
v 0.066920 0.211373 -0.889755
v 0.066923 0.229601 -0.905109
v 0.091446 0.213204 -0.892613
v 0.066362 0.213314 -0.889994
v 0.065577 0.212045 -0.888166
v 0.082867 0.202110 -0.875113
v 0.061337 0.206449 -0.866354
v 0.066537 0.212489 -0.890282
v 0.064738 0.213486 -0.891438
v 0.045238 0.216711 -0.878121
v -0.022548 0.053087 -1.020245
v -0.022625 0.048396 -1.015906
v -0.000225 0.000712 -0.997364
v 0.000454 -0.000525 -1.002351
v -0.023346 0.048703 -1.019832
v 0.000454 -0.000525 -1.002351
v -0.000225 0.000712 -0.997364
v -0.022625 0.048396 -1.015906
v -0.052847 0.085451 -1.050142
v -0.022548 0.053087 -1.020245
v -0.023346 0.048703 -1.019832
v -0.053785 0.082279 -1.049068
v 0.015743 0.053232 -1.025594
v 0.011524 0.048468 -1.025002
v -0.002653 0.000666 -0.999836
v 0.002401 -0.000482 -0.999895
v 0.006994 0.257924 -0.999560
v 0.002929 0.257130 -0.998797
v 0.004368 0.257072 -0.996738
v 0.006741 0.257551 -0.997290
v 0.015294 0.048835 -1.026298
v 0.002401 -0.000482 -0.999895
v -0.002653 0.000666 -0.999836
v 0.011524 0.048468 -1.025002
v 0.040252 0.085842 -1.060164
v 0.015743 0.053232 -1.025594
v 0.015294 0.048835 -1.026298
v 0.039109 0.082645 -1.060916
v 0.020424 0.053637 -0.978966
v 0.020966 0.048812 -0.983121
v 0.000528 0.000629 -1.002614
v -0.000723 -0.000450 -0.997701
v 0.021237 0.049240 -0.979150
v -0.000723 -0.000450 -0.997701
v 0.000528 0.000629 -1.002614
v 0.020966 0.048812 -0.983121
v 0.047318 0.086845 -0.946822
v 0.020424 0.053637 -0.978966
v 0.021237 0.049240 -0.979150
v 0.048352 0.083638 -0.947683
v -0.019530 0.053722 -0.978342
v -0.015676 0.048656 -0.977776
v 0.002602 0.000459 -0.999276
v -0.002266 -0.000290 -1.000889
v -0.019629 0.049288 -0.977737
v -0.002266 -0.000290 -1.000889
v 0.002602 0.000459 -0.999276
v -0.015676 0.048656 -0.977776
v -0.051617 0.087381 -0.951946
v -0.019530 0.053722 -0.978342
v -0.019629 0.049288 -0.977737
v -0.050994 0.084088 -0.951018
v 0.023643 0.280494 -1.049636
v 0.016647 0.281489 -1.046733
v 0.008198 0.277928 -1.035627
v 0.006842 0.274725 -1.029847
v 0.010479 0.273021 -1.022425
v 0.007192 0.267644 -1.017268
v 0.010263 0.261911 -1.010974
v 0.018429 0.261355 -0.999154
v 0.041808 0.264849 -0.989492
v 0.051847 0.272753 -0.990570
v 0.062679 0.277223 -0.996812
v 0.068760 0.276418 -1.020086
v 0.066882 0.276176 -1.029815
v 0.059413 0.276518 -1.041579
v 0.048525 0.277457 -1.049636
v 0.044400 0.278053 -1.047734
v 0.037335 0.278965 -1.046700
v 0.030971 0.279582 -1.050006
v 0.023642 0.275428 -0.941452
v 0.026819 0.277423 -0.948107
v 0.025784 0.275571 -0.962351
v 0.023062 0.272906 -0.967918
v 0.015472 0.271229 -0.971204
v 0.014700 0.266602 -0.977861
v 0.008481 0.260932 -0.981191
v -0.005466 0.260117 -0.984582
v -0.029411 0.261367 -0.975798
v -0.036496 0.267936 -0.967366
v -0.040532 0.270697 -0.955023
v -0.029365 0.267774 -0.933902
v -0.021433 0.267175 -0.927990
v -0.008028 0.267699 -0.924204
v 0.005388 0.269446 -0.925348
v 0.007133 0.270643 -0.929412
v 0.011619 0.272453 -0.934741
v 0.018515 0.273626 -0.936439
v -0.051369 0.281396 -0.998793
v -0.046218 0.282593 -0.993279
v -0.032927 0.279060 -0.989003
v -0.027077 0.275748 -0.989564
v -0.021389 0.273680 -0.995445
v -0.015486 0.268294 -0.993875
v -0.010713 0.262259 -0.998641
v -0.002445 0.261023 -1.010336
v -0.001396 0.263269 -1.035752
v -0.005766 0.270781 -1.045181
v -0.015302 0.274982 -1.053408
v -0.039254 0.274607 -1.051066
v -0.047739 0.274726 -1.045946
v -0.056200 0.275719 -1.034912
v -0.059993 0.277340 -1.021977
v -0.056777 0.278049 -1.018791
v -0.053357 0.279220 -1.012567
v -0.054256 0.280195 -1.005492
v -0.035987 0.211634 -0.902285
v -0.037311 0.206218 -0.894692
v -0.030641 0.192343 -0.885844
v -0.025216 0.186143 -0.884698
v -0.014991 0.184326 -0.885333
v -0.011344 0.174983 -0.884828
v -0.002507 0.169553 -0.888951
v 0.015173 0.170361 -0.889966
v 0.039892 0.186905 -0.900294
v 0.044693 0.201885 -0.901889
v 0.044641 0.216401 -0.909456
v 0.023742 0.229432 -0.926014
v 0.012243 0.231706 -0.929469
v -0.000178 0.231567 -0.929546
v -0.010250 0.230082 -0.927679
v -0.020330 0.227232 -0.923891
v -0.020909 0.223971 -0.919314
v -0.024258 0.219175 -0.912639
v -0.031768 0.216359 -0.908841
v 0.079162 0.163933 -0.854353
v 0.073994 0.170733 -0.858326
v 0.058289 0.173971 -0.865953
v 0.050783 0.171773 -0.868783
v 0.042622 0.165970 -0.865956
v 0.035255 0.163871 -0.872448
v 0.028065 0.155485 -0.874036
v 0.015788 0.145816 -0.865668
v 0.010121 0.125792 -0.842039
v 0.014389 0.123150 -0.827046
v 0.024871 0.117752 -0.815690
v 0.054402 0.114923 -0.816506
v 0.065660 0.117872 -0.820235
v 0.074865 0.124012 -0.825882
v 0.080767 0.130551 -0.831317
v 0.085120 0.138647 -0.837608
v 0.081843 0.142636 -0.839903
v 0.078908 0.149705 -0.844395
v 0.081362 0.156526 -0.849515
v -0.028834 0.136883 -0.819539
v -0.019808 0.139565 -0.819825
v -0.006825 0.144464 -0.830903
v -0.003633 0.146006 -0.838428
v -0.006247 0.150673 -0.847353
v -0.000674 0.149529 -0.855627
v -0.002515 0.149482 -0.866636
v -0.009726 0.159128 -0.879644
v -0.036167 0.172062 -0.890825
v -0.049219 0.179392 -0.885735
v -0.064085 0.179440 -0.878880
v -0.076534 0.160509 -0.859713
v -0.076397 0.152320 -0.850643
v -0.072129 0.145134 -0.841453
v -0.066492 0.140182 -0.834323
v -0.058686 0.136097 -0.827507
v -0.053323 0.137840 -0.827842
v -0.044622 0.138939 -0.826479
v -0.037706 0.136338 -0.821563
v -0.101232 0.212426 -1.016118
v -0.108961 0.207046 -1.016352
v -0.116722 0.193047 -1.008664
v -0.117036 0.186739 -1.003252
v -0.114826 0.184714 -0.993288
v -0.114796 0.175300 -0.989794
v -0.109378 0.169687 -0.981814
v -0.105616 0.170133 -0.964497
v -0.091498 0.186161 -0.941362
v -0.089113 0.201038 -0.936570
v -0.081584 0.215544 -0.937509
v -0.068425 0.228980 -0.960467
v -0.066792 0.231484 -0.972316
v -0.068648 0.231597 -0.984598
v -0.072065 0.230319 -0.994285
v -0.077387 0.227679 -1.003707
v -0.082012 0.224435 -1.003631
v -0.089147 0.219716 -1.005996
v -0.094080 0.217056 -1.012878
v -0.130867 0.162443 -0.895886
v -0.127717 0.169343 -0.901473
v -0.122613 0.172892 -0.918106
v -0.120995 0.170844 -0.926003
v -0.125082 0.165211 -0.933739
v -0.119823 0.163255 -0.942066
v -0.119405 0.155010 -0.949579
v -0.129625 0.145607 -0.960597
v -0.153932 0.125728 -0.962916
v -0.168090 0.123015 -0.956420
v -0.177700 0.117417 -0.944408
v -0.172311 0.113987 -0.915426
v -0.166864 0.116703 -0.904829
v -0.159828 0.122648 -0.896495
v -0.153513 0.129060 -0.891381
v -0.146587 0.137059 -0.887900
v -0.144814 0.141111 -0.891414
v -0.140803 0.148234 -0.894871
v -0.135334 0.154998 -0.893108
v -0.182172 0.137633 -0.997666
v -0.180474 0.140130 -0.988743
v -0.167490 0.144752 -0.977547
v -0.159554 0.146221 -0.975535
v -0.151125 0.150931 -0.979412
v -0.142089 0.149664 -0.975219
v -0.131502 0.149649 -0.978748
v -0.119733 0.159420 -0.987705
v -0.112747 0.172878 -1.015301
v -0.119775 0.180477 -1.027253
v -0.128858 0.180835 -1.040867
v -0.149808 0.162180 -1.050556
v -0.158781 0.154001 -1.049172
v -0.167225 0.146738 -1.043671
v -0.173412 0.141680 -1.037092
v -0.178948 0.137444 -1.028404
v -0.177775 0.139078 -1.023124
v -0.177763 0.140002 -1.014297
v -0.181554 0.137266 -1.006753
v 0.047894 0.217455 -1.077793
v 0.049825 0.212588 -1.085625
v 0.043785 0.199553 -1.096061
v 0.038396 0.193574 -1.098155
v 0.028129 0.191937 -1.098582
v 0.024406 0.182739 -1.100117
v 0.015149 0.177212 -1.097235
v -0.002535 0.178323 -1.097749
v -0.027845 0.194590 -1.088463
v -0.032549 0.209511 -1.086177
v -0.032973 0.223423 -1.077560
v -0.013481 0.234738 -1.058252
v -0.002312 0.236500 -1.053616
v 0.010047 0.236086 -1.052432
v 0.020224 0.234526 -1.053493
v 0.030564 0.231747 -1.056564
v 0.031509 0.228821 -1.061304
v 0.035382 0.224462 -1.067995
v 0.043166 0.221772 -1.071305
v -0.063095 0.175935 -1.139354
v -0.058211 0.182309 -1.134429
v -0.043221 0.184633 -1.125198
v -0.036038 0.182070 -1.121879
v -0.027740 0.176316 -1.124392
v -0.021029 0.173583 -1.117441
v -0.014143 0.164944 -1.115851
v -0.001294 0.155663 -1.123790
v 0.006208 0.137324 -1.148261
v 0.003287 0.135892 -1.163734
v -0.006194 0.131576 -1.176362
v -0.035715 0.129335 -1.178420
v -0.047221 0.132244 -1.175506
v -0.056810 0.138146 -1.170261
v -0.063086 0.144391 -1.164900
v -0.067875 0.152092 -1.158431
v -0.064762 0.155829 -1.155556
v -0.062144 0.162481 -1.150296
v -0.064954 0.168956 -1.144916
v 0.047214 0.149204 -1.166264
v 0.038241 0.152052 -1.166589
v 0.024375 0.156398 -1.156384
v 0.020533 0.157447 -1.149082
v 0.022390 0.161384 -1.139630
v 0.016069 0.159751 -1.132001
v 0.016894 0.158856 -1.120908
v 0.023033 0.167349 -1.106610
v 0.048532 0.178845 -1.092151
v 0.062101 0.186247 -1.095478
v 0.077530 0.186480 -1.100945
v 0.091394 0.168753 -1.120292
v 0.091963 0.161264 -1.129932
v 0.088446 0.154871 -1.139985
v 0.083410 0.150583 -1.147947
v 0.076199 0.147183 -1.155726
v 0.070854 0.149013 -1.155744
v 0.062331 0.150398 -1.157797
v 0.055855 0.148318 -1.163497
v 0.068486 0.220840 -0.953400
v 0.076391 0.216281 -0.951062
v 0.087492 0.203501 -0.956423
v 0.090000 0.197497 -0.961604
v 0.090896 0.195685 -0.971811
v 0.092886 0.186477 -0.975287
v 0.090566 0.180684 -0.984539
v 0.091756 0.181484 -1.002207
v 0.082959 0.196951 -1.028185
v 0.080368 0.211695 -1.033272
v 0.071314 0.225294 -1.034315
v 0.050868 0.236302 -1.015833
v 0.045729 0.238112 -1.004895
v 0.044062 0.237887 -0.992587
v 0.044764 0.236553 -0.982347
v 0.047507 0.234073 -0.971840
v 0.052300 0.231330 -0.970649
v 0.058971 0.227274 -0.966427
v 0.062052 0.224844 -0.958467
v 0.135826 0.179396 -1.061010
v 0.130497 0.185687 -1.056452
v 0.120597 0.187973 -1.041890
v 0.117079 0.185431 -1.034795
v 0.119446 0.179922 -1.026291
v 0.112325 0.177078 -1.019807
v 0.110750 0.168524 -1.012815
v 0.118468 0.159755 -0.999483
v 0.143216 0.142406 -0.990652
v 0.158834 0.141450 -0.992928
v 0.171971 0.137393 -1.001812
v 0.175292 0.134676 -1.031178
v 0.172749 0.137269 -1.042846
v 0.167700 0.142810 -1.052752
v 0.162390 0.148750 -1.059358
v 0.155866 0.156135 -1.064552
v 0.152745 0.159828 -1.061631
v 0.147164 0.166344 -1.059357
v 0.141688 0.172578 -1.062507
v 0.159144 0.155654 -0.949208
v 0.159735 0.158344 -0.958217
v 0.149958 0.162081 -0.972561
v 0.142785 0.162808 -0.976710
v 0.133140 0.166453 -0.975308
v 0.125831 0.164443 -0.981893
v 0.114750 0.163185 -0.981491
v 0.099941 0.171296 -0.976095
v 0.084089 0.182762 -0.951423
v 0.086617 0.190525 -0.937883
v 0.091446 0.191231 -0.922257
v 0.110800 0.174437 -0.907286
v 0.120654 0.167293 -0.906186
v 0.131049 0.161184 -0.909173
v 0.139346 0.157078 -0.913802
v 0.147519 0.153813 -0.920630
v 0.147691 0.155542 -0.926005
v 0.150038 0.156839 -0.934466
v 0.156062 0.154835 -0.940669
v -0.128046 0.267744 -0.969027
v -0.136960 0.260892 -0.965074
v -0.141564 0.243338 -0.951833
v -0.138949 0.235494 -0.945324
v -0.131082 0.233195 -0.935023
v -0.129045 0.221376 -0.930835
v -0.118495 0.214507 -0.924443
v -0.104975 0.215528 -0.906580
v -0.086382 0.230847 -0.890934
v -0.079099 0.243321 -0.885377
v -0.071658 0.255410 -0.883945
v -0.063740 0.273775 -0.889328
v -0.061051 0.290261 -0.922953
v -0.065516 0.293138 -0.937473
v -0.074180 0.292961 -0.950583
v -0.083234 0.291082 -0.959855
v -0.094312 0.287477 -0.967783
v -0.099531 0.283351 -0.965169
v -0.108905 0.277284 -0.963990
v -0.118185 0.273721 -0.969210
v -0.097355 0.207395 -0.814246
v -0.096817 0.215998 -0.822476
v -0.099858 0.220095 -0.844353
v -0.102169 0.217315 -0.854236
v -0.110886 0.209973 -0.860823
v -0.109248 0.207317 -0.873137
v -0.112642 0.196708 -0.881812
v -0.130081 0.184476 -0.888826
v -0.152703 0.168140 -0.882006
v -0.164081 0.162196 -0.873359
v -0.171662 0.155800 -0.863103
v -0.176219 0.148971 -0.844090
v -0.154568 0.145392 -0.813625
v -0.142723 0.149123 -0.804416
v -0.130307 0.156890 -0.798717
v -0.120438 0.165163 -0.796341
v -0.110760 0.175406 -0.796194
v -0.110656 0.180452 -0.801254
v -0.108001 0.189395 -0.807503
v -0.100891 0.198025 -0.808528
v -0.209985 0.173175 -0.903250
v -0.203330 0.176568 -0.893965
v -0.182544 0.182766 -0.888117
v -0.172388 0.184716 -0.890060
v -0.164846 0.190621 -0.899091
v -0.152226 0.189173 -0.899059
v -0.141951 0.189121 -0.908742
v -0.133355 0.201317 -0.925484
v -0.137807 0.215604 -0.950004
v -0.145572 0.223187 -0.961038
v -0.154759 0.226954 -0.971283
v -0.172430 0.227015 -0.982083
v -0.201342 0.203064 -0.981674
v -0.210779 0.192705 -0.975143
v -0.217434 0.183612 -0.964187
v -0.220959 0.177347 -0.953242
v -0.222627 0.172179 -0.940238
v -0.218499 0.174385 -0.934837
v -0.213806 0.175776 -0.924732
v -0.214103 0.172485 -0.914001
v -0.054333 0.268745 -1.117754
v -0.059529 0.261939 -1.126043
v -0.073074 0.244229 -1.128788
v -0.078984 0.236248 -1.125307
v -0.087901 0.233686 -1.115969
v -0.091553 0.221776 -1.113478
v -0.096126 0.214676 -1.102164
v -0.111679 0.215240 -1.086017
v -0.124454 0.230074 -1.064996
v -0.128987 0.242366 -1.056756
v -0.129414 0.254339 -1.049008
v -0.123126 0.272691 -1.041756
v -0.089729 0.289689 -1.044088
v -0.076125 0.292856 -1.050714
v -0.064522 0.292999 -1.061312
v -0.056747 0.291383 -1.071724
v -0.050590 0.288042 -1.083952
v -0.053926 0.283939 -1.088760
v -0.056464 0.277968 -1.097925
v -0.052703 0.274604 -1.107955
v -0.201575 0.205511 -1.064251
v -0.193485 0.214240 -1.064875
v -0.172408 0.218730 -1.071220
v -0.162967 0.216139 -1.075080
v -0.157714 0.209012 -1.084821
v -0.145258 0.206538 -1.085157
v -0.137068 0.196114 -1.090013
v -0.132682 0.184212 -1.108507
v -0.142708 0.168043 -1.130030
v -0.152935 0.162098 -1.140009
v -0.164155 0.155630 -1.145997
v -0.183547 0.148547 -1.147640
v -0.210216 0.144208 -1.121571
v -0.217519 0.147644 -1.108384
v -0.221325 0.155165 -1.095121
v -0.222254 0.163277 -1.084883
v -0.221037 0.173397 -1.075152
v -0.216095 0.178524 -1.075762
v -0.209637 0.187535 -1.073980
v -0.207640 0.196092 -1.066991
v -0.130715 0.174123 -1.189839
v -0.138899 0.177282 -1.181772
v -0.141526 0.183130 -1.160241
v -0.138053 0.184988 -1.150483
v -0.128043 0.190946 -1.144353
v -0.126089 0.189344 -1.131903
v -0.114925 0.189325 -1.123260
v -0.097224 0.201687 -1.117195
v -0.073902 0.216425 -1.125197
v -0.064320 0.224281 -1.134471
v -0.055684 0.228326 -1.145084
v -0.047770 0.228778 -1.164217
v -0.052335 0.205178 -1.193059
v -0.060108 0.194830 -1.201517
v -0.071836 0.185642 -1.206519
v -0.083106 0.179243 -1.208390
v -0.096136 0.173885 -1.208092
v -0.100860 0.175951 -1.203142
v -0.110130 0.177120 -1.196914
v -0.120729 0.173658 -1.195588
v 0.115490 0.275108 -1.004431
v 0.125081 0.268951 -1.007914
v 0.131798 0.252460 -1.021610
v 0.130205 0.244895 -1.028749
v 0.123425 0.242824 -1.039842
v 0.122417 0.231187 -1.044836
v 0.112870 0.224195 -1.052537
v 0.100960 0.225602 -1.071487
v 0.083026 0.240882 -1.087920
v 0.075598 0.253288 -1.093437
v 0.067665 0.265058 -1.094887
v 0.058308 0.282658 -1.089265
v 0.051738 0.296973 -1.055183
v 0.054728 0.299203 -1.040179
v 0.062185 0.298679 -1.026356
v 0.070466 0.296705 -1.016405
v 0.080975 0.293189 -1.007699
v 0.086622 0.289488 -1.010043
v 0.096382 0.283972 -1.010683
v 0.105341 0.280569 -1.004832
v 0.102053 0.222580 -1.164435
v 0.100315 0.230644 -1.155834
v 0.101166 0.233584 -1.133579
v 0.102735 0.230342 -1.123692
v 0.111219 0.223063 -1.116739
v 0.108637 0.219605 -1.104791
v 0.111819 0.208682 -1.096431
v 0.129205 0.196934 -1.088517
v 0.153203 0.182167 -1.094105
v 0.165613 0.177315 -1.101978
v 0.174416 0.171920 -1.111825
v 0.181015 0.166461 -1.130682
v 0.162393 0.163625 -1.163161
v 0.151229 0.167305 -1.173204
v 0.138964 0.174773 -1.179590
v 0.128910 0.182673 -1.182411
v 0.118739 0.192416 -1.182891
v 0.117909 0.197143 -1.177594
v 0.114223 0.205559 -1.171139
v 0.106590 0.213751 -1.170305
v 0.208004 0.188762 -1.067434
v 0.202027 0.192365 -1.077095
v 0.181538 0.197863 -1.084485
v 0.171157 0.199191 -1.083382
v 0.162530 0.204171 -1.074776
v 0.150061 0.202105 -1.076048
v 0.138982 0.200973 -1.067371
v 0.128276 0.211717 -1.050852
v 0.129738 0.224732 -1.025285
v 0.136063 0.232022 -1.013186
v 0.144082 0.235626 -1.001949
v 0.160691 0.235921 -0.989581
v 0.190788 0.213494 -0.988630
v 0.201321 0.204019 -0.994818
v 0.209412 0.195931 -1.005593
v 0.214235 0.190506 -1.016492
v 0.217335 0.186206 -1.029549
v 0.213590 0.188520 -1.035180
v 0.209747 0.190273 -1.045583
v 0.211179 0.187641 -1.056404
v -0.000763 0.279391 -0.895204
v 0.002346 0.273623 -0.885250
v 0.015796 0.257454 -0.877355
v 0.023009 0.249859 -0.878366
v 0.034368 0.247566 -0.884612
v 0.039423 0.235917 -0.884967
v 0.047514 0.228588 -0.893920
v 0.066923 0.229601 -0.905109
v 0.084030 0.244233 -0.922952
v 0.089815 0.256362 -0.930631
v 0.091557 0.267821 -0.938951
v 0.086278 0.285025 -0.949202
v 0.052457 0.298951 -0.957680
v 0.037341 0.301242 -0.955380
v 0.023231 0.300957 -0.948466
v 0.012961 0.299270 -0.940519
v 0.003849 0.296132 -0.930238
v 0.005972 0.292661 -0.924362
v 0.006231 0.287530 -0.914378
v 0.000033 0.284456 -0.905534
v 0.159759 0.226958 -0.900188
v 0.151217 0.234918 -0.902580
v 0.128940 0.237809 -0.902733
v 0.119005 0.234594 -0.901435
v 0.111733 0.227624 -0.892960
v 0.099905 0.224026 -0.895880
v 0.091446 0.213204 -0.892613
v 0.082867 0.202110 -0.875113
v 0.087519 0.188305 -0.850356
v 0.094899 0.183966 -0.837462
v 0.104396 0.178952 -0.828069
v 0.122985 0.173820 -0.820516
v 0.156189 0.170382 -0.837701
v 0.166663 0.173662 -0.848589
v 0.173521 0.180672 -0.860870
v 0.176726 0.188188 -0.871103
v 0.177593 0.197530 -0.881617
v 0.172324 0.202203 -0.882841
v 0.166005 0.210446 -0.887107
v 0.165460 0.218333 -0.895080
v 0.058661 0.196922 -0.796962
v 0.068546 0.200326 -0.802683
v 0.076740 0.205053 -0.823059
v 0.076051 0.205973 -0.833519
v 0.067787 0.210584 -0.842670
v 0.069562 0.208041 -0.854989
v 0.061337 0.206449 -0.866354
v 0.045238 0.216711 -0.878121
v 0.019607 0.229680 -0.878187
v 0.007250 0.237166 -0.872639
v -0.004307 0.241038 -0.865222
v -0.017331 0.241932 -0.849144
v -0.019441 0.220685 -0.818260
v -0.013660 0.211647 -0.807128
v -0.003201 0.203918 -0.798305
v 0.007507 0.198723 -0.792843
v 0.020438 0.194593 -0.789059
v 0.026209 0.196781 -0.792663
v 0.036755 0.198421 -0.796153
v 0.047515 0.195886 -0.794189
v -0.046240 0.140010 -1.085731
v -0.048798 0.135276 -1.089908
v -0.055483 0.124314 -1.090103
v -0.058388 0.119726 -1.087517
v -0.063319 0.118446 -1.081980
v -0.064714 0.111699 -1.079687
v -0.066911 0.108249 -1.072729
v -0.075804 0.108846 -1.063515
v -0.085167 0.121712 -1.047229
v -0.088161 0.132563 -1.045225
v -0.085643 0.143798 -1.042474
v -0.067625 0.155123 -1.045236
v -0.060065 0.157208 -1.049310
v -0.051131 0.156901 -1.057944
v -0.045540 0.153445 -1.067848
v -0.047996 0.146523 -1.075137
v -0.045656 0.144115 -1.080607
v -0.126385 0.099801 -1.049887
v -0.122284 0.105142 -1.050921
v -0.106035 0.110595 -1.059585
v -0.101627 0.102793 -1.062089
v -0.094402 0.102084 -1.062183
v -0.089141 0.096320 -1.064240
v -0.085951 0.088521 -1.073900
v -0.092834 0.071533 -1.087408
v -0.102182 0.067896 -1.092896
v -0.112802 0.062675 -1.093192
v -0.127738 0.060588 -1.077924
v -0.132098 0.063062 -1.070647
v -0.135447 0.070233 -1.061064
v -0.135416 0.079725 -1.053910
v -0.129930 0.088498 -1.054059
v -0.129291 0.093944 -1.050724
v -0.084194 0.077071 -1.119303
v -0.089036 0.078969 -1.114902
v -0.092037 0.088629 -1.098577
v -0.083673 0.089997 -1.094739
v -0.082479 0.090103 -1.087577
v -0.076136 0.091353 -1.082748
v -0.066783 0.099774 -1.080314
v -0.048458 0.110441 -1.088613
v -0.044669 0.115158 -1.098313
v -0.040180 0.114484 -1.109246
v -0.041401 0.098828 -1.123874
v -0.045221 0.091937 -1.127874
v -0.053953 0.083494 -1.130508
v -0.064386 0.077859 -1.129688
v -0.072655 0.079425 -1.123665
v -0.078484 0.076964 -1.122594
v 0.075451 0.141042 -1.059203
v 0.079288 0.136358 -1.062324
v 0.078575 0.121583 -1.074574
v 0.069601 0.119279 -1.075417
v 0.067248 0.112483 -1.076419
v 0.060106 0.108899 -1.077548
v 0.049668 0.109268 -1.084979
v 0.031950 0.121782 -1.091902
v 0.029333 0.132573 -1.094628
v 0.026785 0.143780 -1.091795
v 0.031978 0.155298 -1.074448
v 0.037087 0.157513 -1.067586
v 0.046951 0.157424 -1.060025
v 0.057631 0.154181 -1.055941
v 0.064600 0.147362 -1.059409
v 0.070397 0.145065 -1.057891
v 0.028877 0.099581 -1.132935
v 0.030410 0.104972 -1.129063
v 0.041282 0.110703 -1.114305
v 0.044548 0.102981 -1.110273
v 0.045722 0.102332 -1.103136
v 0.048636 0.096647 -1.098206
v 0.058798 0.089037 -1.096435
v 0.071441 0.072223 -1.105145
v 0.075551 0.068601 -1.115181
v 0.074367 0.063299 -1.125698
v 0.057099 0.060834 -1.138200
v 0.049214 0.063149 -1.141450
v 0.039116 0.070131 -1.143384
v 0.031877 0.079501 -1.142349
v 0.032679 0.088321 -1.136995
v 0.029379 0.093715 -1.135901
v 0.104159 0.078365 -1.101350
v 0.099058 0.080149 -1.105497
v 0.087029 0.084638 -1.105603
v 0.081952 0.086513 -1.102978
v 0.079715 0.090881 -1.097274
v 0.072808 0.090877 -1.095034
v 0.068948 0.092098 -1.088053
v 0.067774 0.100554 -1.078491
v 0.078498 0.111508 -1.061656
v 0.088567 0.116419 -1.059370
v 0.100054 0.115964 -1.056544
v 0.114616 0.100547 -1.059826
v 0.118131 0.093692 -1.064157
v 0.119594 0.085223 -1.073135
v 0.117341 0.079490 -1.083300
v 0.110136 0.080886 -1.090595
v 0.108260 0.078359 -1.096189
v 0.037037 0.142514 -0.913927
v 0.039072 0.137907 -0.909340
v 0.045622 0.126939 -0.908044
v 0.048775 0.122265 -0.910138
v 0.054297 0.120797 -0.915034
v 0.055902 0.113978 -0.916942
v 0.058860 0.110305 -0.923490
v 0.068746 0.110587 -0.931645
v 0.079986 0.122908 -0.947146
v 0.083257 0.133683 -0.949130
v 0.081140 0.144832 -0.952498
v 0.062996 0.156288 -0.952163
v 0.055034 0.158520 -0.949046
v 0.045171 0.158509 -0.941483
v 0.038466 0.155382 -0.932181
v 0.040031 0.148686 -0.924448
v 0.037067 0.146458 -0.919209
v 0.120493 0.100982 -0.939121
v 0.116335 0.106363 -0.938729
v 0.099238 0.112130 -0.932150
v 0.094525 0.104423 -0.929925
v 0.087332 0.103736 -0.930635
v 0.081835 0.098054 -0.929014
v 0.077515 0.090571 -0.919546
v 0.082706 0.073999 -0.904820
v 0.091343 0.070511 -0.898190
v 0.101827 0.065274 -0.896522
v 0.118394 0.062667 -0.909912
v 0.123572 0.064899 -0.916717
v 0.128036 0.071756 -0.926072
v 0.128881 0.081017 -0.933474
v 0.123469 0.089806 -0.934224
v 0.123248 0.095146 -0.937777
v 0.070519 0.080562 -0.874307
v 0.075843 0.082307 -0.878183
v 0.080747 0.091440 -0.894350
v 0.072885 0.092709 -0.899159
v 0.072516 0.092593 -0.906410
v 0.066772 0.093708 -0.911968
v 0.057811 0.102073 -0.915714
v 0.038727 0.113045 -0.909896
v 0.033885 0.118076 -0.900843
v 0.028175 0.117758 -0.890478
v 0.027621 0.102567 -0.875329
v 0.030917 0.095795 -0.870707
v 0.039239 0.087416 -0.866834
v 0.049661 0.081730 -0.866282
v 0.058572 0.083083 -0.871367
v 0.064471 0.080573 -0.871688
v -0.080832 0.145184 -0.961548
v -0.085776 0.140747 -0.960037
v -0.090042 0.125693 -0.948900
v -0.081995 0.122673 -0.945340
v -0.080553 0.115693 -0.943955
v -0.074413 0.111534 -0.940771
v -0.066925 0.110917 -0.930385
v -0.051584 0.121842 -0.917591
v -0.049265 0.132331 -0.913675
v -0.045191 0.143364 -0.915023
v -0.043732 0.155637 -0.932567
v -0.046197 0.158398 -0.940591
v -0.053082 0.159253 -0.950903
v -0.062071 0.156951 -0.958332
v -0.070227 0.150625 -0.957592
v -0.075367 0.148826 -0.960988
v -0.063392 0.098562 -0.878802
v -0.063230 0.104141 -0.882707
v -0.068358 0.111035 -0.899883
v -0.070662 0.103685 -0.905101
v -0.069515 0.103290 -0.912260
v -0.071061 0.097962 -0.918121
v -0.080599 0.091216 -0.923397
v -0.096474 0.075258 -0.919972
v -0.103832 0.071747 -0.911955
v -0.106458 0.066137 -0.901868
v -0.094345 0.062044 -0.884632
v -0.087790 0.063660 -0.878930
v -0.078408 0.069782 -0.873548
v -0.070608 0.078575 -0.871781
v -0.069048 0.087548 -0.876696
v -0.065216 0.092689 -0.876427
v -0.125734 0.084034 -0.933735
v -0.122133 0.085319 -0.928097
v -0.105874 0.093318 -0.921732
v -0.100497 0.094679 -0.929202
v -0.093253 0.094182 -0.929115
v -0.087278 0.095251 -0.934432
v -0.082519 0.103798 -0.942715
v -0.086487 0.115934 -0.961568
v -0.094928 0.121669 -0.966722
v -0.104895 0.122182 -0.973088
v -0.120741 0.107887 -0.975349
v -0.125916 0.101235 -0.972690
v -0.130759 0.092710 -0.965053
v -0.132292 0.086593 -0.954978
v -0.127744 0.087256 -0.945706
v -0.127944 0.084466 -0.939930
vn -0.1640 0.9761 0.1424
vn -0.4211 -0.2689 0.8662
vn 0.8894 -0.3158 0.3305
vn -0.8926 -0.3818 0.2397
vn -0.9223 -0.2594 -0.2865
vn -0.1894 -0.3335 0.9235
vn -0.3773 -0.3633 -0.8518
vn 0.4944 -0.2132 -0.8427
vn -0.8601 -0.2711 -0.4321
vn 0.9050 -0.3823 -0.1867
vn 0.8287 -0.1750 0.5316
vn 0.4752 -0.2721 -0.8367
vn 0.1628 -0.3588 0.9191
vn 0.1995 -0.2809 0.9388
vn -0.9540 -0.2689 0.1322
vn 0.2215 -0.3169 0.9222
vn -0.6959 -0.3818 -0.6082
vn -0.8922 -0.2986 0.3389
vn -0.2753 -0.2594 -0.9257
vn -0.8719 -0.3346 0.3575
vn 0.4978 -0.3633 -0.7875
vn -0.0994 -0.2344 -0.9670
vn 0.9753 -0.2132 -0.0582
vn -0.1208 -0.2724 -0.9546
vn 0.6588 -0.3823 0.6480
vn 0.9707 -0.2346 -0.0515
vn 0.0196 -0.1750 0.9844
vn 0.9592 -0.2734 -0.0719
vn -0.6731 -0.3588 0.6467
vn 0.3607 -0.1524 -0.9201
vn -0.8353 -0.3712 0.4056
vn 0.3230 0.9131 0.2490
vn 0.4793 -0.4052 -0.7785
vn -0.6588 0.3624 -0.6593
vn 0.9659 -0.1339 0.2215
vn -0.5180 -0.3848 -0.7640
vn -0.2148 0.9114 0.3511
vn 0.8479 -0.3881 0.3612
vn -0.4643 -0.1223 0.8772
vn 0.8738 -0.3860 -0.2959
vn -0.2867 0.9056 -0.3124
vn -0.5675 -0.3792 0.7308
vn -0.8498 -0.0527 -0.5245
vn 0.2171 -0.4412 0.8708
vn 0.3772 0.8993 -0.2215
vn -0.7104 -0.3122 -0.6308
vn -0.2193 0.9557 0.1964
vn -0.0160 0.9851 -0.1713
vn 0.2726 0.9577 0.0916
vn -0.9884 -0.0503 0.1430
vn 0.8414 -0.2704 0.4679
vn 0.4484 0.5793 -0.6807
vn -0.2035 0.6784 -0.7060
vn 0.0809 -0.6941 0.7153
vn -0.2952 -0.0301 -0.9550
vn -0.3325 -0.2870 0.8984
vn 0.7446 0.5693 0.3485
vn 0.6686 0.6816 -0.2974
vn -0.6969 -0.6948 0.1774
vn 0.9965 -0.0610 -0.0569
vn -0.7991 -0.2168 -0.5608
vn -0.5000 0.5369 0.6795
vn 0.1483 0.6197 0.7707
vn -0.0255 -0.6374 -0.7701
vn 0.0187 -0.0405 0.9990
vn 0.5995 -0.2123 -0.7717
vn -0.6764 0.5040 -0.5372
vn -0.7963 0.5956 0.1052
vn 0.7914 -0.6110 0.0177
vn -0.6689 -0.0503 -0.7417
vn 0.9126 0.4021 0.0736
vn -0.3605 -0.4184 0.8337
vn 0.7255 0.6503 -0.2254
vn 0.4733 0.6784 -0.5620
vn -0.2369 -0.6214 0.7468
vn 0.6291 -0.0301 -0.7767
vn 0.0637 0.3897 0.9187
vn -0.8736 -0.4275 -0.2325
vn 0.3263 0.6449 0.6910
vn 0.6191 0.6816 0.3900
vn -0.7657 -0.6305 -0.1270
vn 0.6019 -0.0610 0.7963
vn -0.9230 0.3602 -0.1353
vn 0.4556 -0.3500 -0.8185
vn -0.7771 0.5991 0.1927
vn -0.5578 0.6197 0.5521
vn 0.3361 -0.5636 -0.7546
vn -0.8196 -0.0405 0.5715
vn 0.1715 0.3246 -0.9302
vn 0.8003 -0.3291 0.5012
vn -0.1626 0.5679 -0.8069
vn -0.5306 0.5956 -0.6031
vn 0.7416 -0.5475 0.3876
vn -0.7911 -0.4112 0.4528
vn 0.0660 0.6770 0.7330
vn 0.5470 0.7838 0.2940
vn -0.7771 -0.6223 0.0943
vn -0.3636 0.6624 -0.6550
vn -0.5795 0.7414 -0.3383
vn -0.5574 -0.4253 -0.7131
vn -0.7272 0.6651 0.1699
vn -0.2239 0.7832 0.5801
vn -0.1970 -0.6302 -0.7510
vn 0.5479 0.3678 -0.7513
vn 0.5821 0.6703 -0.4602
vn 0.2357 0.7422 -0.6274
vn 0.8350 -0.4274 -0.3465
vn 0.0222 0.6537 -0.7564
vn -0.5050 0.7756 -0.3787
vn 0.7788 -0.6271 0.0144
vn 0.5818 0.3810 0.7185
vn 0.2907 0.6818 0.6714
vn 0.5418 0.7502 0.3791
vn 0.2680 -0.4835 0.8333
vn 0.7861 0.6095 0.1023
vn 0.4509 0.7759 -0.4412
vn -0.0983 -0.6603 0.7446
vn -0.7347 0.3929 0.5530
vn -0.6529 0.7036 0.2806
vn -0.3747 0.7443 0.5528
vn -0.4574 0.3378 -0.8226
vn -0.4575 0.3378 -0.8226
vn 0.6967 -0.3115 0.6462
vn 0.6966 -0.3115 0.6462
vn 0.6966 -0.3115 0.6463
vn -0.9122 -0.2592 0.3174
vn -0.9122 -0.2591 0.3173
vn -0.9122 -0.2592 0.3173
vn 0.7680 -0.5153 0.3802
vn 0.7681 -0.5153 0.3802
vn -0.4167 0.7627 -0.4947
vn -0.4166 0.7627 -0.4947
vn 0.0298 0.5070 0.8614
vn 0.0297 0.5071 0.8614
vn -0.1902 0.7663 0.6137
vn -0.1902 0.7663 0.6136
vn 0.1835 0.8376 0.5146
vn 0.1835 0.8375 0.5146
vn 0.7429 0.3461 -0.5730
vn 0.7429 0.3462 -0.5730
vn 0.7428 0.3461 -0.5731
vn -0.5313 -0.3249 0.7824
vn -0.5313 -0.3250 0.7824
vn -0.4565 -0.2402 -0.8567
vn -0.4564 -0.2402 -0.8567
vn -0.2583 -0.5304 0.8074
vn -0.2582 -0.5304 0.8074
vn -0.2582 -0.5304 0.8075
vn 0.4270 0.7705 -0.4733
vn 0.4271 0.7705 -0.4732
vn -0.8442 0.5071 0.1738
vn -0.8441 0.5072 0.1739
vn -0.6324 0.7708 -0.0768
vn -0.6324 0.7708 -0.0767
vn -0.4760 0.8344 0.2779
vn -0.4760 0.8344 0.2780
vn 0.3854 0.2660 0.8836
vn -0.6393 -0.2477 -0.7279
vn -0.6393 -0.2477 -0.7280
vn 0.9334 -0.2547 -0.2528
vn 0.9334 -0.2546 -0.2527
vn 0.9334 -0.2547 -0.2527
vn -0.7377 -0.4690 -0.4856
vn 0.3811 0.7148 0.5864
vn 0.3810 0.7148 0.5864
vn 0.3810 0.7148 0.5865
vn 0.0562 0.5698 -0.8198
vn 0.2564 0.8055 -0.5343
vn 0.2565 0.8054 -0.5343
vn -0.1234 0.8772 -0.4640
vn -0.1233 0.8773 -0.4639
vn -0.9068 0.2427 0.3446
vn -0.9068 0.2428 0.3446
vn -0.9068 0.2427 0.3447
vn 0.7610 -0.2345 -0.6049
vn 0.7610 -0.2345 -0.6048
vn 0.2233 -0.2285 0.9476
vn 0.2232 -0.2284 0.9476
vn 0.2232 -0.2285 0.9476
vn 0.5304 -0.4658 -0.7083
vn 0.5304 -0.4657 -0.7084
vn 0.5303 -0.4657 -0.7084
vn -0.6249 0.7013 0.3432
vn -0.6249 0.7013 0.3431
vn 0.7974 0.5985 0.0774
vn 0.7974 0.5985 0.0773
vn 0.4963 0.8278 0.2616
vn 0.4963 0.8278 0.2617
vn 0.4389 0.8902 -0.1223
vn 0.4389 0.8902 -0.1222
vn 0.2361 0.2932 -0.9265
vn 0.2360 0.2932 -0.9265
vn -0.0455 -0.2772 0.9597
vn -0.0455 -0.2773 0.9597
vn -0.0454 -0.2773 0.9597
vn -0.7713 -0.2592 -0.5813
vn -0.7713 -0.2591 -0.5813
vn 0.1115 -0.5153 0.8497
vn 0.1116 -0.5153 0.8497
vn 0.1791 0.7627 -0.6215
vn 0.1792 0.7627 -0.6214
vn -0.6991 0.5069 0.5043
vn -0.6990 0.5070 0.5044
vn -0.6990 0.5069 0.5044
vn -0.6157 0.7663 0.1835
vn -0.3252 0.8377 0.4387
vn 0.9477 0.3053 0.0934
vn -0.9511 -0.2923 0.1003
vn -0.9511 -0.2923 0.1002
vn 0.4577 -0.2402 -0.8560
vn 0.4578 -0.2402 -0.8560
vn -0.8146 -0.5304 0.2348
vn -0.8146 -0.5304 0.2347
vn 0.6309 0.7705 0.0914
vn 0.6309 0.7705 0.0915
vn -0.6142 0.5072 -0.6046
vn -0.6142 0.5071 -0.6046
vn -0.2880 0.7707 -0.5684
vn -0.4959 0.8343 -0.2408
vn -0.4958 0.8344 -0.2408
vn -0.3333 0.2258 0.9154
vn 0.1459 -0.2174 -0.9651
vn 0.7295 -0.2547 0.6349
vn 0.7295 -0.2546 0.6349
vn 0.7294 -0.2546 0.6349
vn -0.0071 -0.4690 -0.8832
vn -0.0070 -0.4690 -0.8831
vn -0.2751 0.7148 0.6429
vn -0.2752 0.7148 0.6429
vn -0.2751 0.7148 0.6430
vn 0.7124 0.5698 -0.4095
vn 0.7125 0.5698 -0.4095
vn 0.5868 0.8053 -0.0841
vn 0.5868 0.8053 -0.0840
vn 0.5869 0.8053 -0.0841
vn 0.3168 0.8773 -0.3606
vn -0.9017 0.2094 -0.3781
vn -0.9017 0.2094 -0.3782
vn -0.9018 0.2094 -0.3781
vn 0.9590 -0.2081 0.1926
vn 0.9589 -0.2081 0.1927
vn 0.9589 -0.2081 0.1926
vn -0.6630 -0.2285 0.7129
vn -0.6631 -0.2284 0.7128
vn 0.8837 -0.4658 0.0465
vn 0.8837 -0.4657 0.0464
vn -0.6329 0.7013 -0.3282
vn -0.6328 0.7013 -0.3283
vn 0.3795 0.5985 0.7055
vn 0.3795 0.5985 0.7056
vn 0.0588 0.8277 0.5581
vn 0.0588 0.8278 0.5580
vn 0.3459 0.8901 0.2966
vn 0.3458 0.8902 0.2966
vn 0.3459 0.8902 0.2966
vn 0.8499 0.4680 0.2422
vn 0.8499 0.4681 0.2422
vn 0.8499 0.4680 0.2421
vn -0.9084 -0.4153 0.0477
vn -0.9084 -0.4153 0.0478
vn 0.4994 -0.2763 -0.8211
vn 0.4995 -0.2763 -0.8211
vn -0.1222 0.4709 0.8737
vn -0.1221 0.4709 0.8737
vn -0.1741 -0.4235 -0.8890
vn 0.8907 -0.2584 0.3740
vn 0.8907 -0.2583 0.3741
vn 0.8907 -0.2584 0.3741
vn -0.8137 0.4625 -0.3521
vn -0.8137 0.4625 -0.3520
vn -0.8138 0.4625 -0.3520
vn 0.9053 -0.4191 0.0692
vn -0.5915 -0.2490 0.7669
vn -0.5916 -0.2489 0.7668
vn -0.5916 -0.2490 0.7668
vn 0.4285 0.4791 -0.7660
vn 0.4285 0.4792 -0.7660
vn 0.4285 0.4791 -0.7661
vn -0.1504 -0.4555 0.8774
vn -0.1505 -0.4556 0.8774
vn -0.1505 -0.4555 0.8774
vn -0.7380 -0.1792 -0.6506
vn -0.1259 0.9658 0.2267
vn -0.1259 0.9658 0.2268
vn -0.1260 0.9658 0.2268
vn -0.1260 0.9658 0.2267
vn -0.1058 0.9858 -0.1306
vn -0.1059 0.9858 -0.1305
vn -0.1059 0.9858 -0.1306
vn -0.1058 0.9858 -0.1305
vn 0.2690 0.9631 -0.0069
vn 0.2691 0.9631 -0.0069
vn 0.2690 0.9631 -0.0068
vn 0.0997 0.5600 0.8225
vn 0.0997 0.5599 0.8225
vn 0.0996 0.5600 0.8225
vn 0.0996 0.5600 0.8224
vn -0.1984 0.7019 0.6841
vn -0.1983 0.7019 0.6841
vn 0.0983 0.8694 0.4842
vn 0.0982 0.8694 0.4842
vn 0.0983 0.8695 0.4841
vn 0.0982 0.8695 0.4841
vn -0.7946 0.5588 0.2376
vn -0.7946 0.5587 0.2376
vn -0.7946 0.5588 0.2375
vn -0.7946 0.5587 0.2375
vn -0.7037 0.7065 -0.0755
vn -0.7036 0.7065 -0.0755
vn -0.7036 0.7066 -0.0755
vn -0.4593 0.8678 0.1897
vn -0.4594 0.8678 0.1897
vn -0.4593 0.8678 0.1898
vn -0.4593 0.8678 0.1896
vn -0.0158 0.6214 -0.7834
vn -0.0159 0.6214 -0.7833
vn -0.0158 0.6214 -0.7833
vn -0.0158 0.6213 -0.7834
vn -0.0159 0.6214 -0.7834
vn -0.0159 0.6213 -0.7834
vn 0.2704 0.7461 -0.6084
vn 0.2705 0.7461 -0.6084
vn 0.2704 0.7462 -0.6084
vn 0.2703 0.7462 -0.6084
vn -0.0407 0.9048 -0.4239
vn -0.0407 0.9048 -0.4238
vn -0.0408 0.9048 -0.4238
vn -0.0408 0.9048 -0.4239
vn 0.7622 0.6474 0.0028
vn 0.7621 0.6474 0.0029
vn 0.7622 0.6474 0.0029
vn 0.7622 0.6473 0.0029
vn 0.5718 0.7714 0.2794
vn 0.5717 0.7714 0.2794
vn 0.5718 0.7714 0.2795
vn 0.3947 0.9179 -0.0419
vn 0.3947 0.9178 -0.0419
vn 0.3947 0.9179 -0.0418
vn 0.3947 0.9178 -0.0418
vn 0.3947 0.9179 -0.0420
vn -0.6312 0.5699 0.5262
vn -0.6312 0.5698 0.5262
vn -0.6313 0.5698 0.5262
vn -0.6704 0.7050 0.2311
vn -0.6705 0.7050 0.2312
vn -0.6704 0.7051 0.2311
vn -0.6705 0.7050 0.2311
vn -0.6704 0.7050 0.2312
vn -0.3630 0.8616 0.3548
vn -0.3630 0.8616 0.3549
vn -0.3629 0.8616 0.3548
vn -0.3629 0.8616 0.3549
vn -0.6261 0.5688 -0.5333
vn -0.6261 0.5688 -0.5334
vn -0.6262 0.5688 -0.5333
vn -0.3427 0.7093 -0.6160
vn -0.3428 0.7093 -0.6160
vn -0.4192 0.8600 -0.2908
vn -0.4192 0.8601 -0.2908
vn -0.4192 0.8601 -0.2907
vn -0.4193 0.8601 -0.2908
vn -0.4193 0.8601 -0.2907
vn -0.4193 0.8600 -0.2908
vn 0.6435 0.6305 -0.4341
vn 0.6436 0.6304 -0.4340
vn 0.6435 0.6304 -0.4341
vn 0.6435 0.6305 -0.4340
vn 0.6489 0.7497 -0.1298
vn 0.6489 0.7497 -0.1297
vn 0.6489 0.7498 -0.1297
vn 0.3455 0.8980 -0.2725
vn 0.3456 0.8979 -0.2725
vn 0.3456 0.8980 -0.2725
vn 0.3460 0.8978 -0.2723
vn 0.3456 0.8980 -0.2724
vn 0.4067 0.6565 0.6353
vn 0.4066 0.6565 0.6353
vn 0.4066 0.6565 0.6354
vn 0.4067 0.6565 0.6354
vn 0.4065 0.6566 0.6353
vn 0.1020 0.7748 0.6239
vn 0.1021 0.7748 0.6239
vn 0.1021 0.7748 0.6240
vn 0.2566 0.9117 0.3210
vn 0.2566 0.9116 0.3210
vn 0.2565 0.9117 0.3210
vn 0.2566 0.9116 0.3211
vn 0.2565 0.9117 0.3211
vn 0.2565 0.9116 0.3211
vn -0.6919 0.4207 -0.5867
vn -0.6919 0.4207 -0.5868
vn -0.6919 0.4208 -0.5867
vn -0.4040 0.5716 -0.7142
vn -0.4039 0.5716 -0.7142
vn -0.4039 0.5717 -0.7142
vn -0.4837 0.7856 -0.3859
vn -0.4837 0.7856 -0.3858
vn -0.4838 0.7856 -0.3858
vn 0.4572 0.4354 -0.7755
vn 0.4571 0.4354 -0.7756
vn 0.4572 0.4353 -0.7755
vn 0.4571 0.4354 -0.7755
vn 0.6364 0.5802 -0.5084
vn 0.6364 0.5802 -0.5083
vn 0.6364 0.5801 -0.5083
vn 0.6364 0.5801 -0.5084
vn 0.2863 0.7826 -0.5528
vn 0.2863 0.7825 -0.5529
vn 0.2864 0.7825 -0.5529
vn 0.2864 0.7826 -0.5528
vn 0.2863 0.7825 -0.5528
vn 0.6231 0.4371 0.6486
vn 0.6231 0.4372 0.6486
vn 0.6231 0.4371 0.6485
vn 0.6231 0.4372 0.6485
vn 0.3233 0.5927 0.7376
vn 0.3234 0.5927 0.7376
vn 0.3234 0.5928 0.7376
vn 0.4415 0.7960 0.4141
vn 0.4414 0.7961 0.4140
vn 0.4415 0.7960 0.4140
vn 0.4415 0.7961 0.4140
vn 0.4414 0.7960 0.4141
vn -0.6523 0.4526 0.6080
vn -0.6522 0.4526 0.6081
vn -0.6523 0.4526 0.6081
vn -0.6522 0.4526 0.6080
vn -0.7257 0.6170 0.3046
vn -0.7257 0.6169 0.3046
vn -0.7256 0.6170 0.3046
vn -0.7257 0.6169 0.3047
vn -0.4005 0.7966 0.4528
vn -0.4006 0.7965 0.4528
vn -0.4005 0.7966 0.4529
vn -0.4005 0.7965 0.4529
vt 0.888079 0.512533
vt 0.890255 0.514227
vt 0.889986 0.512533
vt 0.756703 0.857832
vt 0.758660 0.821040
vt 0.757271 0.799493
vt 0.241152 0.046628
vt 0.239026 0.087784
vt 0.241152 0.089203
vt 0.094247 0.259592
vt 0.100353 0.230409
vt 0.091796 0.257303
vt 0.916494 0.698544
vt 0.914719 0.735374
vt 0.916494 0.757068
vt 0.814842 0.773158
vt 0.808108 0.826452
vt 0.811449 0.826375
vt 0.374871 0.060262
vt 0.374871 0.034413
vt 0.372152 0.058291
vt 0.615971 0.073621
vt 0.614212 0.110280
vt 0.615971 0.131831
vt 0.813436 0.368891
vt 0.806681 0.422318
vt 0.810015 0.422220
vt 0.863957 0.401723
vt 0.864384 0.372837
vt 0.861917 0.399359
vt 0.949128 0.053583
vt 0.947363 0.075480
vt 0.949128 0.088696
vt 0.023783 0.669065
vt 0.028031 0.723335
vt 0.031294 0.722609
vt 0.703929 0.793423
vt 0.709138 0.762205
vt 0.701245 0.791414
vt 0.026662 0.846930
vt 0.023783 0.883698
vt 0.031221 0.847898
vt 0.297977 0.976217
vt 0.291313 0.930915
vt 0.284005 0.904620
vt 0.028312 0.936897
vt 0.032317 0.936050
vt 0.291857 0.842786
vt 0.297977 0.804414
vt 0.288671 0.840028
vt 0.222765 0.851457
vt 0.220524 0.888165
vt 0.226764 0.851904
vt 0.172958 0.976217
vt 0.163787 0.932866
vt 0.155341 0.907453
vt 0.224145 0.939756
vt 0.227656 0.938478
vt 0.164560 0.845194
vt 0.172958 0.805598
vt 0.161313 0.842464
vt 0.093310 0.848407
vt 0.090905 0.885355
vt 0.097468 0.849149
vt 0.944199 0.927018
vt 0.942358 0.958942
vt 0.944199 0.976217
vt 0.094761 0.938082
vt 0.098413 0.937041
vt 0.644339 0.385960
vt 0.652436 0.353650
vt 0.641542 0.382762
vt 0.944126 0.608751
vt 0.938118 0.590195
vt 0.939395 0.609508
vt 0.890446 0.566283
vt 0.888195 0.611161
vt 0.890446 0.637588
vt 0.845910 0.109087
vt 0.839794 0.148944
vt 0.842935 0.146968
vt 0.027678 0.482740
vt 0.028978 0.443918
vt 0.024873 0.480051
vt 0.033907 0.396352
vt 0.026108 0.357968
vt 0.023783 0.356008
vt 0.748589 0.581778
vt 0.751284 0.618772
vt 0.753281 0.617869
vt 0.914075 0.417261
vt 0.914855 0.396381
vt 0.911950 0.418494
vt 0.029109 0.320442
vt 0.033907 0.297888
vt 0.027255 0.318874
vt 0.466484 0.213050
vt 0.463257 0.204286
vt 0.457114 0.210751
vt 0.156791 0.171118
vt 0.149748 0.140830
vt 0.147919 0.139957
vt 0.918919 0.804634
vt 0.914719 0.838850
vt 0.916970 0.838327
vt 0.700137 0.281295
vt 0.701261 0.303112
vt 0.702231 0.280128
vt 0.753899 0.697955
vt 0.753899 0.685326
vt 0.751896 0.696696
vt 0.324586 0.317936
vt 0.320517 0.278276
vt 0.318697 0.276090
vt 0.204779 0.262150
vt 0.208002 0.294670
vt 0.209968 0.293511
vt 0.375516 0.239297
vt 0.375475 0.218622
vt 0.373339 0.240313
vt 0.322068 0.241685
vt 0.324587 0.220297
vt 0.320354 0.240037
vt 0.549196 0.354533
vt 0.543784 0.315277
vt 0.541753 0.313200
vt 0.689801 0.576689
vt 0.693165 0.616139
vt 0.695484 0.615565
vt 0.700002 0.135177
vt 0.702967 0.157143
vt 0.701641 0.133901
vt 0.545856 0.278175
vt 0.549196 0.256227
vt 0.544057 0.276581
vt 0.702797 0.976217
vt 0.699102 0.966297
vt 0.692025 0.973409
vt 0.430173 0.263016
vt 0.433913 0.273336
vt 0.439196 0.266599
vt 0.651386 0.756189
vt 0.648037 0.746568
vt 0.641604 0.754078
vt 0.090905 0.303251
vt 0.100353 0.320690
vt 0.093170 0.296320
vt 0.760543 0.804717
vt 0.757595 0.792377
vt 0.541753 0.588417
vt 0.544067 0.583779
vt 0.544520 0.533757
vt 0.547544 0.532436
vt 0.757020 0.752441
vt 0.700001 0.028452
vt 0.703771 0.046864
vt 0.703771 0.023783
vt 0.892277 0.949031
vt 0.889326 0.965095
vt 0.894793 0.976217
vt 0.561974 0.771485
vt 0.558626 0.776591
vt 0.562605 0.826458
vt 0.560036 0.828172
vt 0.755619 0.118534
vt 0.757514 0.130708
vt 0.757514 0.078668
vt 0.966484 0.841811
vt 0.969767 0.858432
vt 0.969767 0.834386
vt 0.375081 0.143716
vt 0.372152 0.159879
vt 0.377577 0.171056
vt 0.433615 0.076066
vt 0.430173 0.080781
vt 0.433615 0.126743
vt 0.431295 0.128953
vt 0.862318 0.441943
vt 0.864384 0.454306
vt 0.700251 0.840558
vt 0.709138 0.858432
vt 0.702547 0.832892
vt 0.030347 0.653930
vt 0.026597 0.681454
vt 0.521174 0.068531
vt 0.517751 0.073550
vt 0.521174 0.121435
vt 0.845295 0.303014
vt 0.842611 0.255683
vt 0.839794 0.256946
vt 0.287069 0.894946
vt 0.269608 0.221897
vt 0.263689 0.247231
vt 0.268003 0.256467
vt 0.027546 0.883546
vt 0.269608 0.308838
vt 0.267163 0.311447
vt 0.158857 0.897570
vt 0.844318 0.036626
vt 0.839794 0.056033
vt 0.844318 0.061522
vt 0.224497 0.888088
vt 0.702499 0.444482
vt 0.706548 0.454306
vt 0.700002 0.391221
vt 0.703662 0.389065
vt 0.640540 0.433739
vt 0.652436 0.454306
vt 0.643265 0.426436
vt 0.152189 0.033361
vt 0.147919 0.056645
vt 0.152189 0.063291
vt 0.094864 0.885289
vt 0.148561 0.310856
vt 0.152830 0.320690
vt 0.147919 0.259696
vt 0.151690 0.257601
vt 0.700251 0.690642
vt 0.704330 0.714639
vt 0.704330 0.685326
vt 0.605371 0.505801
vt 0.601161 0.527074
vt 0.605371 0.536321
vt 0.028978 0.570951
vt 0.028080 0.535018
vt 0.025665 0.535143
vt 0.754849 0.444368
vt 0.759116 0.454306
vt 0.754113 0.391474
vt 0.757886 0.389373
vt 0.757265 0.637588
vt 0.964808 0.421016
vt 0.962421 0.424496
vt 0.964808 0.454307
vt 0.914855 0.454306
vt 0.750734 0.583274
vt 0.792228 0.303014
vt 0.788832 0.293773
vt 0.782351 0.299900
vt 0.753294 0.936633
vt 0.755549 0.945837
vt 0.762661 0.940405
vt 0.918919 0.858432
vt 0.702565 0.240388
vt 0.700220 0.243985
vt 0.864388 0.825227
vt 0.862408 0.824082
vt 0.867154 0.858432
vt 0.269608 0.171186
vt 0.267070 0.163425
vt 0.262179 0.170712
vt 0.100353 0.180744
vt 0.097637 0.172613
vt 0.092410 0.179658
vt 0.841878 0.723071
vt 0.838984 0.715453
vt 0.833422 0.722448
vt 0.216123 0.311447
vt 0.372152 0.279956
vt 0.374467 0.276221
vt 0.206093 0.262646
vt 0.805871 0.549727
vt 0.813786 0.546648
vt 0.809214 0.539950
vt 0.549196 0.208661
vt 0.546414 0.199325
vt 0.541137 0.205231
vt 0.791761 0.178273
vt 0.782834 0.181679
vt 0.788872 0.188188
vt 0.701023 0.637588
vt 0.702967 0.094430
vt 0.700360 0.098034
vt 0.691967 0.578444
vt 0.840630 0.631173
vt 0.837450 0.623126
vt 0.831401 0.629722
vt 0.651856 0.218502
vt 0.648506 0.209281
vt 0.642118 0.215128
vt 0.615795 0.266375
vt 0.618609 0.275642
vt 0.625505 0.270043
vt 0.548830 0.637588
vt 0.553595 0.636244
vt 0.760543 0.858432
vt 0.967134 0.727169
vt 0.964060 0.728366
vt 0.965594 0.757068
vt 0.967134 0.755938
vt 0.549806 0.501872
vt 0.553595 0.502621
vt 0.648952 0.844067
vt 0.642390 0.853117
vt 0.652066 0.856842
vt 0.652686 0.855839
vt 0.579500 0.450422
vt 0.592090 0.454306
vt 0.592974 0.453351
vt 0.588255 0.441695
vt 0.033740 0.250322
vt 0.033740 0.237993
vt 0.023783 0.245016
vt 0.023813 0.246303
vt 0.565074 0.721985
vt 0.562399 0.723796
vt 0.894793 0.913356
vt 0.890549 0.913766
vt 0.755349 0.076301
vt 0.754113 0.125662
vt 0.811271 0.858431
vt 0.814842 0.857814
vt 0.565074 0.858431
vt 0.562950 0.858045
vt 0.096970 0.404826
vt 0.092143 0.417453
vt 0.092908 0.418434
vt 0.103564 0.414604
vt 0.361672 0.407776
vt 0.353689 0.415745
vt 0.365227 0.421029
vt 0.365999 0.420141
vt 0.349588 0.846262
vt 0.345543 0.859542
vt 0.346512 0.860404
vt 0.358389 0.854947
vt 0.949977 0.259315
vt 0.946636 0.262976
vt 0.945965 0.301094
vt 0.949977 0.303014
vt 0.377577 0.107828
vt 0.373407 0.108216
vt 0.861002 0.449179
vt 0.809925 0.454306
vt 0.813436 0.453676
vt 0.897396 0.073329
vt 0.897396 0.042429
vt 0.895254 0.043443
vt 0.893475 0.073097
vt 0.568112 0.962610
vt 0.562505 0.975339
vt 0.563241 0.976217
vt 0.574411 0.971329
vt 0.638445 0.623362
vt 0.631642 0.632354
vt 0.641590 0.636165
vt 0.642236 0.635168
vt 0.365238 0.482563
vt 0.369918 0.469495
vt 0.369088 0.468595
vt 0.357644 0.473495
vt 0.073151 0.053975
vt 0.070303 0.056618
vt 0.068148 0.097673
vt 0.073151 0.097576
vt 0.040971 0.619294
vt 0.036664 0.618517
vt 0.037536 0.754283
vt 0.040971 0.753080
vt 0.841415 0.225486
vt 0.845295 0.225512
vt 0.497286 0.853662
vt 0.510178 0.858432
vt 0.511060 0.857500
vt 0.506225 0.845284
vt 0.106131 0.473876
vt 0.093259 0.468917
vt 0.092318 0.469803
vt 0.096706 0.481694
vt 0.240183 0.407068
vt 0.251860 0.410788
vt 0.252643 0.409792
vt 0.248262 0.398103
vt 0.894345 0.177920
vt 0.899340 0.157086
vt 0.899798 0.120894
vt 0.893475 0.120894
vt 0.043340 0.803303
vt 0.037286 0.801849
vt 0.038518 0.976217
vt 0.043340 0.975035
vt 0.942885 0.542630
vt 0.942885 0.505306
vt 0.940402 0.506118
vt 0.938012 0.542073
vt 0.226495 0.578388
vt 0.211093 0.571887
vt 0.209836 0.572948
vt 0.213929 0.587655
vt 0.366674 0.748403
vt 0.382630 0.754633
vt 0.383726 0.753469
vt 0.377833 0.737946
vt 0.139696 0.748506
vt 0.156059 0.754633
vt 0.157213 0.753459
vt 0.151322 0.738020
vt 0.837119 0.976217
vt 0.841761 0.950581
vt 0.841761 0.906601
vt 0.835644 0.907470
vt 0.236440 0.805982
vt 0.230340 0.804647
vt 0.231588 0.976217
vt 0.236440 0.974973
vt 0.701749 0.350678
vt 0.706548 0.351148
vt 0.393756 0.970471
vt 0.409825 0.976217
vt 0.410938 0.975019
vt 0.405049 0.959738
vt 0.253592 0.748609
vt 0.269974 0.754633
vt 0.271131 0.753460
vt 0.265244 0.738160
vt 0.365925 0.630270
vt 0.381551 0.635184
vt 0.382607 0.633940
vt 0.376731 0.619107
vt 0.894402 0.303014
vt 0.898399 0.279273
vt 0.898399 0.240529
vt 0.892861 0.242525
vt 0.107775 0.803669
vt 0.101636 0.802198
vt 0.102890 0.976217
vt 0.107775 0.975051
vt 0.148627 0.218757
vt 0.152830 0.218683
vt 0.500494 0.969402
vt 0.514088 0.976217
vt 0.514940 0.975114
vt 0.509433 0.959489
vt 0.107682 0.575558
vt 0.091946 0.570057
vt 0.090905 0.571275
vt 0.097387 0.586510
vt 0.480001 0.484294
vt 0.485363 0.470321
vt 0.484468 0.468961
vt 0.472354 0.470813
vt 0.320049 0.172731
vt 0.324587 0.149139
vt 0.324587 0.109388
vt 0.318425 0.110405
vt 0.938012 0.636129
vt 0.944126 0.637588
vt 0.023783 0.544943
vt 0.843829 0.177920
vt 0.845910 0.174520
vt 0.754875 0.350579
vt 0.759116 0.350929
vt 0.438542 0.737567
vt 0.431292 0.753553
vt 0.432202 0.754633
vt 0.446308 0.748268
vt 0.220795 0.464216
vt 0.205869 0.460491
vt 0.204779 0.461726
vt 0.210118 0.475614
vt 0.488008 0.588761
vt 0.494187 0.572358
vt 0.493190 0.571196
vt 0.478882 0.577075
vt 0.948570 0.177920
vt 0.950810 0.174387
vt 0.950810 0.136261
vt 0.947363 0.136711
vt 0.757265 0.543978
vt 0.753769 0.543351
vt 0.702565 0.204709
vt 0.700001 0.205944
vt 0.887727 0.514250
vt 0.889048 0.515188
vt 0.867154 0.785665
vt 0.863904 0.785548
vt 0.155787 0.110857
vt 0.156791 0.111265
vt 0.372701 0.317936
vt 0.375516 0.317163
vt 0.216123 0.228724
vt 0.214258 0.229669
vt 0.322043 0.033682
vt 0.320000 0.037132
vt 0.318425 0.061822
vt 0.322043 0.061742
vt 0.701023 0.539426
vt 0.697606 0.538539
vt 0.661509 0.967393
vt 0.663145 0.958713
vt 0.661216 0.963127
vt 0.663321 0.970967
vt 0.671739 0.975110
vt 0.666017 0.944642
vt 0.673025 0.937919
vt 0.676407 0.975717
vt 0.681360 0.972527
vt 0.678861 0.934905
vt 0.686440 0.975008
vt 0.693266 0.934225
vt 0.702797 0.949062
vt 0.699091 0.940978
vt 0.662456 0.954733
vt 0.661272 0.952663
vt 0.432157 0.290551
vt 0.444991 0.264138
vt 0.450255 0.266157
vt 0.437171 0.297734
vt 0.454345 0.263016
vt 0.458654 0.263546
vt 0.442609 0.304817
vt 0.465674 0.268481
vt 0.452541 0.306763
vt 0.466585 0.272989
vt 0.466437 0.277971
vt 0.464812 0.282651
vt 0.464949 0.287389
vt 0.456633 0.304529
vt 0.465566 0.290029
vt 0.461794 0.298269
vt 0.629805 0.716670
vt 0.647136 0.721332
vt 0.641735 0.714981
vt 0.624801 0.720060
vt 0.618491 0.727185
vt 0.651386 0.729212
vt 0.613881 0.735424
vt 0.614635 0.737376
vt 0.614804 0.741244
vt 0.612818 0.745728
vt 0.612639 0.749905
vt 0.613755 0.753293
vt 0.630478 0.753738
vt 0.625809 0.757203
vt 0.621288 0.756868
vt 0.635679 0.755938
vt 0.634797 0.858432
vt 0.638674 0.854118
vt 0.631653 0.858123
vt 0.614449 0.820158
vt 0.622487 0.808248
vt 0.617409 0.814189
vt 0.629217 0.804769
vt 0.612639 0.827280
vt 0.647692 0.805238
vt 0.615151 0.830292
vt 0.617799 0.835894
vt 0.617035 0.841782
vt 0.652686 0.813473
vt 0.619260 0.847731
vt 0.623279 0.852905
vt 0.652350 0.822375
vt 0.640882 0.856361
vt 0.545799 0.417962
vt 0.544191 0.432098
vt 0.550260 0.412289
vt 0.543438 0.427173
vt 0.542043 0.424603
vt 0.588425 0.410469
vt 0.592974 0.420453
vt 0.581346 0.402098
vt 0.563799 0.402814
vt 0.572544 0.452373
vt 0.566281 0.449288
vt 0.560154 0.453193
vt 0.554408 0.452417
vt 0.556642 0.406487
vt 0.544144 0.447244
vt 0.542017 0.442810
vt 0.541753 0.437536
vt 0.459602 0.354329
vt 0.475116 0.370180
vt 0.465050 0.355150
vt 0.450298 0.355680
vt 0.474864 0.381833
vt 0.434572 0.369077
vt 0.475116 0.389235
vt 0.430974 0.376493
vt 0.471594 0.393170
vt 0.430173 0.384629
vt 0.470751 0.400312
vt 0.431153 0.391293
vt 0.467720 0.404773
vt 0.433754 0.398029
vt 0.437585 0.398567
vt 0.443023 0.400992
vt 0.457404 0.410167
vt 0.445785 0.406045
vt 0.451071 0.409036
vt 0.091207 0.381516
vt 0.103291 0.368695
vt 0.097269 0.371249
vt 0.109514 0.368255
vt 0.114808 0.370912
vt 0.090905 0.386962
vt 0.120829 0.369922
vt 0.130528 0.372393
vt 0.124386 0.368255
vt 0.094216 0.393372
vt 0.135255 0.377365
vt 0.092967 0.398708
vt 0.139335 0.384536
vt 0.140627 0.392652
vt 0.121431 0.421352
vt 0.135050 0.412425
vt 0.127390 0.418813
vt 0.331146 0.368266
vt 0.358946 0.367490
vt 0.338755 0.365502
vt 0.325092 0.373455
vt 0.365019 0.376672
vt 0.321327 0.378828
vt 0.365999 0.386647
vt 0.318697 0.385364
vt 0.321129 0.388369
vt 0.323464 0.393809
vt 0.322082 0.399267
vt 0.323926 0.405001
vt 0.350403 0.417646
vt 0.327784 0.410141
vt 0.346794 0.414290
vt 0.341808 0.417752
vt 0.337570 0.416571
vt 0.394626 0.819869
vt 0.398150 0.847142
vt 0.398150 0.827505
vt 0.388813 0.813431
vt 0.383040 0.809166
vt 0.389651 0.854758
vt 0.376208 0.805849
vt 0.373423 0.807818
vt 0.379928 0.858862
vt 0.368180 0.809398
vt 0.362554 0.807409
vt 0.356966 0.808483
vt 0.352173 0.811560
vt 0.346782 0.822612
vt 0.350103 0.834249
vt 0.346095 0.828274
vt 0.347222 0.840177
vt 0.613651 0.946222
vt 0.599019 0.971265
vt 0.607267 0.964053
vt 0.592478 0.975838
vt 0.612637 0.939013
vt 0.608776 0.932643
vt 0.604183 0.928226
vt 0.564561 0.955746
vt 0.598133 0.924551
vt 0.566298 0.949485
vt 0.563264 0.943383
vt 0.594485 0.926031
vt 0.588374 0.926911
vt 0.583127 0.924551
vt 0.563936 0.937625
vt 0.576832 0.924942
vt 0.570664 0.927211
vt 0.607556 0.626752
vt 0.606260 0.614906
vt 0.605393 0.620786
vt 0.611552 0.631957
vt 0.603661 0.609284
vt 0.603109 0.599148
vt 0.601160 0.606252
vt 0.606206 0.593205
vt 0.620130 0.637249
vt 0.611451 0.587309
vt 0.618334 0.583886
vt 0.623431 0.637588
vt 0.627483 0.633309
vt 0.637105 0.584509
vt 0.629880 0.635577
vt 0.642236 0.592791
vt 0.642048 0.601698
vt 0.363675 0.505363
vt 0.354069 0.519308
vt 0.358035 0.516197
vt 0.349384 0.520339
vt 0.344593 0.518211
vt 0.340210 0.519771
vt 0.365086 0.499883
vt 0.337910 0.521764
vt 0.332070 0.518249
vt 0.361992 0.493820
vt 0.327100 0.513770
vt 0.322044 0.507048
vt 0.365877 0.488325
vt 0.318889 0.499122
vt 0.318697 0.478963
vt 0.337830 0.468595
vt 0.327296 0.471809
vt 0.492095 0.856097
vt 0.511060 0.823868
vt 0.487016 0.853153
vt 0.481135 0.856937
vt 0.508400 0.814284
vt 0.475894 0.856072
vt 0.465144 0.850023
vt 0.501409 0.805396
vt 0.461769 0.844810
vt 0.460494 0.838943
vt 0.462457 0.833295
vt 0.480861 0.803837
vt 0.460655 0.827741
vt 0.458503 0.824696
vt 0.461841 0.817914
vt 0.472873 0.806838
vt 0.466208 0.812305
vt 0.128604 0.520244
vt 0.100619 0.518797
vt 0.120584 0.522491
vt 0.135551 0.515259
vt 0.093823 0.510207
vt 0.090905 0.502153
vt 0.140277 0.509864
vt 0.144105 0.503120
vt 0.142276 0.499680
vt 0.141004 0.493645
vt 0.143398 0.487937
vt 0.112099 0.470483
vt 0.142665 0.481633
vt 0.117541 0.472631
vt 0.139835 0.475778
vt 0.123786 0.468917
vt 0.129264 0.469500
vt 0.233006 0.408591
vt 0.236739 0.410601
vt 0.252643 0.376595
vt 0.223606 0.412717
vt 0.213714 0.407478
vt 0.209878 0.402137
vt 0.251533 0.368096
vt 0.208070 0.396063
vt 0.209501 0.390135
vt 0.245370 0.359956
vt 0.207198 0.384400
vt 0.204779 0.381285
vt 0.225080 0.359013
vt 0.207472 0.374142
vt 0.211295 0.368194
vt 0.217416 0.362337
vt 0.227935 0.412925
vt 0.233390 0.573895
vt 0.205911 0.604624
vt 0.239280 0.576337
vt 0.204779 0.613354
vt 0.247266 0.571887
vt 0.253698 0.572605
vt 0.206186 0.621920
vt 0.266207 0.580710
vt 0.213519 0.632593
vt 0.269605 0.588306
vt 0.270261 0.596328
vt 0.266890 0.603387
vt 0.239055 0.638496
vt 0.268258 0.611104
vt 0.270469 0.615579
vt 0.265189 0.623850
vt 0.249563 0.636194
vt 0.258807 0.630355
vt 0.383616 0.718742
vt 0.383726 0.708234
vt 0.360688 0.751322
vt 0.381297 0.698693
vt 0.354739 0.747467
vt 0.372764 0.687334
vt 0.347506 0.752145
vt 0.341167 0.750945
vt 0.327822 0.743139
vt 0.346643 0.685153
vt 0.323385 0.736543
vt 0.321607 0.729146
vt 0.336541 0.688853
vt 0.323960 0.722055
vt 0.321518 0.715047
vt 0.328191 0.695669
vt 0.318697 0.711193
vt 0.322773 0.702687
vt 0.097860 0.744791
vt 0.125902 0.748705
vt 0.093919 0.737848
vt 0.118217 0.753532
vt 0.111405 0.752579
vt 0.119949 0.685466
vt 0.154411 0.699541
vt 0.145633 0.688350
vt 0.109808 0.688988
vt 0.101190 0.695781
vt 0.156989 0.708907
vt 0.095436 0.702868
vt 0.157213 0.719054
vt 0.090905 0.711531
vt 0.093433 0.715594
vt 0.095390 0.722904
vt 0.092637 0.730157
vt 0.132603 0.752079
vt 0.374056 0.976133
vt 0.354197 0.967884
vt 0.367605 0.975363
vt 0.349862 0.960990
vt 0.381405 0.971123
vt 0.348192 0.953297
vt 0.387521 0.974282
vt 0.350642 0.945971
vt 0.348305 0.938674
vt 0.345543 0.934644
vt 0.410886 0.940699
vt 0.349733 0.925871
vt 0.355241 0.918657
vt 0.410938 0.930617
vt 0.363672 0.911687
vt 0.408482 0.921343
vt 0.373808 0.907970
vt 0.399890 0.910381
vt 0.233880 0.686061
vt 0.268281 0.700328
vt 0.259488 0.689300
vt 0.270872 0.709541
vt 0.271131 0.719431
vt 0.223750 0.689472
vt 0.215120 0.696219
vt 0.209344 0.703307
vt 0.246404 0.752526
vt 0.239640 0.749441
vt 0.204779 0.712010
vt 0.207275 0.716163
vt 0.231923 0.754328
vt 0.209186 0.723594
vt 0.225074 0.753521
vt 0.206401 0.730897
vt 0.211526 0.745795
vt 0.207636 0.738705
vt 0.318697 0.597052
vt 0.327684 0.580624
vt 0.322496 0.588066
vt 0.321644 0.601059
vt 0.335811 0.573353
vt 0.324314 0.608383
vt 0.345791 0.569330
vt 0.322191 0.615860
vt 0.324210 0.623601
vt 0.371886 0.571010
vt 0.328862 0.630465
vt 0.342006 0.637271
vt 0.380249 0.581386
vt 0.348060 0.637588
vt 0.354997 0.632197
vt 0.382607 0.590357
vt 0.360536 0.634747
vt 0.382361 0.600124
vt 0.497584 0.971475
vt 0.514209 0.940496
vt 0.493839 0.967013
vt 0.514940 0.929784
vt 0.488356 0.971244
vt 0.483667 0.969607
vt 0.471955 0.961406
vt 0.512967 0.920108
vt 0.505671 0.908427
vt 0.466760 0.955050
vt 0.463962 0.947947
vt 0.465123 0.941172
vt 0.481044 0.905997
vt 0.461756 0.934437
vt 0.458503 0.930721
vt 0.461082 0.922604
vt 0.465156 0.915923
vt 0.472036 0.909460
vt 0.153514 0.606757
vt 0.150863 0.619458
vt 0.155222 0.610656
vt 0.145647 0.626760
vt 0.138145 0.633912
vt 0.152530 0.599615
vt 0.129680 0.637900
vt 0.155339 0.592297
vt 0.154930 0.584743
vt 0.152317 0.578063
vt 0.108662 0.636267
vt 0.139426 0.570811
vt 0.132161 0.570057
vt 0.099403 0.625372
vt 0.124749 0.575151
vt 0.116564 0.571898
vt 0.095901 0.616052
vt 0.093810 0.605797
vt 0.484799 0.495865
vt 0.485541 0.490963
vt 0.474543 0.523630
vt 0.466980 0.523452
vt 0.460661 0.519356
vt 0.458973 0.460413
vt 0.453321 0.519920
vt 0.448945 0.521661
vt 0.441654 0.515535
vt 0.452730 0.457733
vt 0.436109 0.508493
vt 0.446056 0.457733
vt 0.431432 0.498666
vt 0.437511 0.463211
vt 0.430173 0.487945
vt 0.488833 0.504100
vt 0.481942 0.521030
vt 0.488852 0.510006
vt 0.442155 0.692766
vt 0.457942 0.689505
vt 0.449987 0.689983
vt 0.464514 0.692399
vt 0.433526 0.705860
vt 0.484440 0.694012
vt 0.490143 0.699428
vt 0.432614 0.713151
vt 0.436341 0.720736
vt 0.494881 0.707240
vt 0.434113 0.728794
vt 0.496007 0.716081
vt 0.487588 0.738016
vt 0.461398 0.752366
vt 0.469131 0.750589
vt 0.477124 0.747244
vt 0.472246 0.691320
vt 0.476882 0.689505
vt 0.238031 0.465642
vt 0.230026 0.461919
vt 0.245619 0.460491
vt 0.264759 0.466603
vt 0.252750 0.461190
vt 0.266640 0.471449
vt 0.266366 0.477542
vt 0.263077 0.484220
vt 0.263382 0.489837
vt 0.264652 0.492622
vt 0.259773 0.500890
vt 0.205566 0.494982
vt 0.254216 0.508135
vt 0.246516 0.515809
vt 0.207152 0.505598
vt 0.238185 0.521122
vt 0.218405 0.524322
vt 0.210048 0.514561
vt 0.450265 0.571509
vt 0.460917 0.571196
vt 0.441067 0.574119
vt 0.488331 0.596093
vt 0.430173 0.582932
vt 0.483156 0.602952
vt 0.430208 0.608411
vt 0.486744 0.610714
vt 0.484737 0.617616
vt 0.477473 0.631162
vt 0.433980 0.618519
vt 0.440058 0.627163
vt 0.472656 0.634972
vt 0.461197 0.633301
vt 0.446045 0.632971
vt 0.455885 0.635139
vt 0.453089 0.637588
vt 0.466981 0.636134
vt 0.454033 0.213524
vt 0.466484 0.188897
vt 0.450841 0.212272
vt 0.446888 0.215451
vt 0.443416 0.215410
vt 0.465102 0.183068
vt 0.435865 0.211718
vt 0.460270 0.177334
vt 0.433184 0.207796
vt 0.432004 0.203357
vt 0.445344 0.176519
vt 0.433193 0.199052
vt 0.430173 0.192501
vt 0.433445 0.184905
vt 0.439652 0.178875
vt 0.754113 0.279182
vt 0.764341 0.266215
vt 0.757844 0.271945
vt 0.756617 0.285450
vt 0.770078 0.263991
vt 0.755154 0.289554
vt 0.756001 0.293797
vt 0.784788 0.264986
vt 0.758355 0.297553
vt 0.770580 0.302935
vt 0.789983 0.271358
vt 0.774450 0.299642
vt 0.792228 0.278249
vt 0.778341 0.301719
vt 0.788079 0.962786
vt 0.776516 0.974770
vt 0.783609 0.969777
vt 0.786199 0.955856
vt 0.770539 0.976217
vt 0.755925 0.973102
vt 0.788079 0.951791
vt 0.787656 0.947229
vt 0.785673 0.942945
vt 0.774128 0.936217
vt 0.751582 0.966638
vt 0.770126 0.939988
vt 0.750363 0.960584
vt 0.766656 0.938201
vt 0.253362 0.140439
vt 0.265564 0.141520
vt 0.261358 0.136769
vt 0.269608 0.148140
vt 0.249836 0.144171
vt 0.245093 0.151142
vt 0.241448 0.158523
vt 0.241297 0.163086
vt 0.256892 0.172657
vt 0.239573 0.167064
vt 0.252399 0.171174
vt 0.246829 0.174332
vt 0.239026 0.170423
vt 0.239383 0.172886
vt 0.079034 0.151426
vt 0.091925 0.145239
vt 0.082922 0.147991
vt 0.073942 0.158143
vt 0.096377 0.150397
vt 0.100353 0.157217
vt 0.070169 0.165477
vt 0.070309 0.170353
vt 0.068557 0.174345
vt 0.068148 0.177864
vt 0.087093 0.181472
vt 0.082521 0.179771
vt 0.068739 0.180567
vt 0.076958 0.182844
vt 0.819415 0.725576
vt 0.808957 0.723580
vt 0.815445 0.725593
vt 0.808108 0.721320
vt 0.823489 0.722287
vt 0.808360 0.718182
vt 0.828113 0.723993
vt 0.810128 0.714408
vt 0.809664 0.710176
vt 0.813551 0.703149
vt 0.841878 0.700609
vt 0.818995 0.696441
vt 0.823256 0.692797
vt 0.838011 0.693823
vt 0.833317 0.689070
vt 0.806305 0.535288
vt 0.826340 0.550572
vt 0.807140 0.531061
vt 0.804831 0.526526
vt 0.805046 0.522436
vt 0.830430 0.547952
vt 0.809430 0.514792
vt 0.835874 0.542894
vt 0.813786 0.512930
vt 0.818253 0.512533
vt 0.840161 0.529002
vt 0.822005 0.514298
vt 0.828917 0.512533
vt 0.835243 0.516730
vt 0.839365 0.523389
vt 0.537289 0.204517
vt 0.539402 0.206799
vt 0.524773 0.201861
vt 0.520402 0.193905
vt 0.521894 0.198107
vt 0.535933 0.207542
vt 0.521172 0.189887
vt 0.517751 0.183653
vt 0.520228 0.176592
vt 0.525626 0.171075
vt 0.549196 0.183936
vt 0.530842 0.169000
vt 0.544923 0.170315
vt 0.548960 0.176861
vt 0.767699 0.178273
vt 0.790009 0.192689
vt 0.760322 0.181021
vt 0.787571 0.196923
vt 0.754113 0.186298
vt 0.790020 0.201366
vt 0.785489 0.213270
vt 0.754277 0.200420
vt 0.782299 0.215336
vt 0.756757 0.206013
vt 0.778547 0.215938
vt 0.774727 0.214339
vt 0.769287 0.216425
vt 0.762457 0.212504
vt 0.825441 0.632612
vt 0.810741 0.633475
vt 0.822811 0.637588
vt 0.808018 0.629614
vt 0.828496 0.633155
vt 0.806788 0.625208
vt 0.807923 0.620885
vt 0.804831 0.614407
vt 0.840630 0.608320
vt 0.808006 0.606756
vt 0.814129 0.600608
vt 0.839404 0.603506
vt 0.834662 0.598529
vt 0.819781 0.598138
vt 0.651856 0.194058
vt 0.649944 0.186713
vt 0.638454 0.216343
vt 0.634818 0.213859
vt 0.644860 0.180206
vt 0.631343 0.216454
vt 0.629964 0.179397
vt 0.619066 0.211124
vt 0.624207 0.181578
vt 0.616564 0.207631
vt 0.617783 0.187065
vt 0.616940 0.199777
vt 0.614212 0.193926
vt 0.615578 0.203657
vt 0.650108 0.272570
vt 0.633965 0.269762
vt 0.652027 0.276774
vt 0.638438 0.266067
vt 0.641247 0.304476
vt 0.621208 0.303368
vt 0.635462 0.306084
vt 0.616361 0.296883
vt 0.648110 0.299310
vt 0.614212 0.290626
vt 0.652436 0.292232
vt 0.650617 0.285394
vt 0.652436 0.281298
vt 0.629970 0.267904
s 0
usemtl cloversMat.002
f 1/1/1 2/2/1 3/3/1
f 4/4/2 5/5/2 6/6/2
f 7/7/3 8/8/3 9/9/3
f 10/10/4 11/11/4 12/12/4
f 13/13/5 14/14/5 15/15/5
f 16/16/6 17/17/6 18/18/6
f 19/19/7 20/20/7 21/21/7
f 22/22/8 23/23/8 24/24/8
f 25/25/9 26/26/9 27/27/9
f 28/28/10 29/29/10 30/30/10
f 31/31/11 32/32/11 33/33/11
f 34/34/12 35/35/12 36/36/12
f 37/37/13 38/38/13 39/39/13
f 40/40/14 41/41/14 42/42/14
f 43/43/15 44/44/15 45/45/15
s 1
f 46/41/16 47/46/16 48/47/16
s 0
f 49/48/17 50/49/17 51/50/17
f 52/51/18 53/52/18 54/53/18
f 55/54/19 56/55/19 57/56/19
f 58/52/20 59/57/20 60/58/20
f 61/59/21 62/60/21 63/61/21
f 64/62/22 65/63/22 66/64/22
f 67/65/23 68/66/23 69/67/23
f 70/63/24 71/68/24 72/69/24
f 73/70/25 74/71/25 75/72/25
f 76/73/26 77/74/26 78/75/26
f 79/76/27 80/77/27 81/78/27
f 82/79/28 83/80/28 84/81/28
s 1
f 85/82/29 86/83/29 87/84/29
s 0
f 88/85/30 89/86/30 90/87/30
f 91/88/31 92/89/31 93/90/31
f 94/91/32 95/92/32 96/93/32
s 1
f 97/94/33 98/95/33 99/96/33
s 0
f 100/97/34 101/98/34 102/99/34
f 103/100/35 104/101/35 105/102/35
f 106/103/36 107/104/36 108/105/36
f 109/106/37 110/107/37 111/108/37
f 112/109/38 113/110/38 114/111/38
f 115/112/39 116/113/39 117/114/39
f 118/115/40 119/116/40 120/117/40
f 121/118/41 122/119/41 123/120/41
f 124/121/42 125/122/42 126/123/42
f 127/124/43 128/125/43 129/126/43
f 130/127/44 131/128/44 132/129/44
f 133/130/45 134/131/45 135/132/45
f 136/133/46 137/134/46 138/135/46
f 139/136/47 140/137/47 141/138/47
f 142/139/48 143/140/48 144/141/48
f 145/142/49 146/143/49 147/144/49
f 148/145/50 149/146/50 150/147/50
f 151/5/51 152/148/51 153/149/51
f 154/150/52 155/151/52 156/152/52
f 157/151/53 158/153/53 159/152/53
f 160/149/54 161/148/54 162/154/54
f 163/155/55 164/156/55 165/157/55
f 166/158/56 167/159/56 168/160/56
f 169/161/57 170/162/57 171/163/57
f 172/162/58 173/164/58 174/163/58
f 175/165/59 176/166/59 177/167/59
f 178/168/60 179/169/60 180/170/60
f 181/171/61 182/172/61 183/173/61
f 184/174/62 185/175/62 186/176/62
f 187/175/63 188/177/63 189/176/63
f 190/178/64 191/179/64 192/28/64
f 193/180/65 194/181/65 195/182/65
f 196/183/66 197/34/66 198/184/66
f 199/185/67 200/186/67 201/187/67
f 202/188/68 203/189/68 204/190/68
f 205/184/69 206/34/69 207/36/69
f 208/45/70 209/44/70 210/191/70
f 211/192/71 212/193/71 213/194/71
f 214/42/72 215/41/72 216/195/72
f 217/194/73 218/193/73 219/196/73
f 220/193/74 221/197/74 222/196/74
f 223/195/75 224/41/75 225/47/75
f 226/56/76 227/55/76 228/198/76
f 229/199/77 230/200/77 231/201/77
f 232/53/78 233/52/78 234/202/78
f 235/203/79 236/204/79 237/205/79
f 238/204/80 239/206/80 240/205/80
f 241/202/81 242/52/81 243/58/81
f 244/207/82 245/208/82 246/209/82
f 247/210/83 248/211/83 249/212/83
f 250/64/84 251/63/84 252/213/84
f 253/214/85 254/215/85 255/216/85
f 256/215/86 257/217/86 258/216/86
f 259/213/87 260/63/87 261/69/87
f 262/218/88 263/219/88 264/220/88
f 265/221/89 266/222/89 267/223/89
f 268/224/90 269/225/90 270/226/90
f 271/227/91 272/228/91 273/229/91
f 274/228/92 275/230/92 276/229/92
f 277/226/93 278/225/93 279/82/93
f 280/90/94 281/89/94 282/231/94
f 283/232/95 284/233/95 285/234/95
f 286/235/96 287/91/96 288/93/96
f 289/236/97 290/88/97 291/90/97
f 292/237/98 293/238/98 294/239/98
f 295/240/99 296/241/99 297/242/99
f 298/105/100 299/104/100 300/243/100
f 301/244/101 302/245/101 303/108/101
f 304/245/102 305/106/102 306/108/102
f 307/246/103 308/247/103 309/248/103
f 310/249/104 311/250/104 312/251/104
f 313/252/105 314/253/105 315/254/105
f 316/255/106 317/256/106 318/257/106
f 319/117/107 320/116/107 321/258/107
f 322/259/108 323/260/108 324/120/108
f 325/260/109 326/118/109 327/120/109
f 328/261/110 329/115/110 330/117/110
f 331/262/111 332/263/111 333/264/111
f 334/265/112 335/266/112 336/267/112
f 337/268/113 338/269/113 339/270/113
f 340/129/114 341/128/114 342/271/114
f 343/272/115 344/273/115 345/132/115
s 1
f 346/273/116 347/130/116 348/132/116
s 0
f 349/274/117 350/127/117 351/129/117
f 352/275/118 353/276/118 354/277/118
f 355/278/119 356/279/119 357/280/119
f 358/281/120 359/282/120 360/283/120
s 1
f 361/151/121 362/150/121 363/284/122
f 361/151/121 363/284/122 364/285/122
f 365/5/123 366/4/124 367/286/125
f 365/5/123 367/286/125 368/148/123
f 369/12/126 370/145/127 371/147/127
f 369/12/126 371/147/127 372/10/128
f 373/287/129 374/288/129 375/289/130
f 373/287/129 375/289/130 376/290/130
f 377/291/131 378/152/132 379/153/132
f 377/291/131 379/153/132 380/292/131
f 381/293/133 382/294/134 383/295/134
f 381/293/133 383/295/134 384/296/134
f 385/297/135 386/298/135 387/299/135
f 385/297/135 387/299/135 388/300/136
f 389/301/137 390/302/138 391/303/137
f 389/301/137 391/303/137 392/304/137
f 393/162/139 394/161/140 395/305/141
f 393/162/139 395/305/141 396/306/141
f 397/158/142 398/307/142 399/308/143
f 397/158/142 399/308/143 400/159/142
f 401/309/144 402/310/144 403/165/145
f 401/309/144 403/165/145 404/167/144
f 405/311/146 406/312/146 407/18/147
f 405/311/146 407/18/147 408/17/148
f 409/313/149 410/163/150 411/164/150
f 409/313/149 411/164/150 412/314/149
f 413/315/151 414/316/152 415/317/152
f 413/315/151 415/317/152 416/318/151
f 417/319/153 418/320/154 419/321/153
f 417/319/153 419/321/153 420/322/153
f 421/323/155 422/324/155 423/325/155
f 421/323/155 423/325/155 424/326/156
f 425/327/157 426/328/157 427/329/157
f 425/327/157 427/329/157 428/330/157
f 429/171/158 430/331/159 431/332/159
f 429/171/158 431/332/159 432/172/158
f 433/30/160 434/333/161 435/178/161
f 433/30/160 435/178/161 436/28/162
f 437/334/163 438/335/163 439/27/163
f 437/334/163 439/27/163 440/26/163
f 441/336/164 442/337/165 443/338/166
f 441/336/164 443/338/166 444/339/164
f 445/340/167 446/341/167 447/342/167
f 445/340/167 447/342/167 448/343/167
f 449/344/168 450/345/168 451/346/169
f 449/344/168 451/346/169 452/347/169
f 453/348/170 454/349/171 455/350/171
f 453/348/170 455/350/171 456/351/171
f 457/352/172 458/353/173 459/354/174
f 457/352/172 459/354/174 460/355/174
f 461/183/175 462/356/175 463/357/176
f 461/183/175 463/357/176 464/34/175
f 465/39/177 466/180/178 467/182/179
f 465/39/177 467/182/179 468/37/177
f 469/358/180 470/359/180 471/36/181
f 469/358/180 471/36/181 472/35/182
f 473/360/183 474/190/184 475/189/184
f 473/360/183 475/189/184 476/361/183
f 477/362/185 478/363/185 479/364/186
f 477/362/185 479/364/186 480/365/186
f 481/366/187 482/367/188 483/368/188
f 481/366/187 483/368/188 484/369/188
f 485/370/189 486/371/190 487/372/189
f 485/370/189 487/372/189 488/373/189
f 489/374/191 490/375/191 491/376/192
f 489/374/191 491/376/192 492/377/191
f 493/42/193 494/378/194 495/379/194
f 493/42/193 495/379/194 496/40/195
f 497/50/196 498/45/197 499/191/197
f 497/50/196 499/191/197 500/48/196
f 501/380/198 502/381/198 503/47/199
f 501/380/198 503/47/199 504/46/199
f 505/382/200 506/383/201 507/384/201
f 505/382/200 507/384/201 508/385/200
f 509/386/202 510/387/203 511/388/203
f 509/386/202 511/388/203 512/389/204
f 513/390/205 514/391/205 515/392/205
f 513/390/205 515/392/205 516/393/205
f 517/394/206 518/395/206 519/396/206
f 517/394/206 519/396/206 520/397/206
f 521/398/207 522/399/207 523/400/207
f 521/398/207 523/400/207 524/401/207
f 525/53/208 526/402/209 527/403/209
f 525/53/208 527/403/209 528/51/208
f 529/61/210 530/56/210 531/198/211
f 529/61/210 531/198/211 532/59/210
f 533/404/212 534/405/213 535/58/212
f 533/404/212 535/58/212 536/57/212
f 537/406/214 538/205/215 539/206/215
f 537/406/214 539/206/215 540/407/214
f 541/408/216 542/409/216 543/410/216
f 541/408/216 543/410/216 544/411/217
f 545/412/218 546/413/218 547/414/218
f 545/412/218 547/414/218 548/415/218
f 549/416/219 550/417/220 551/418/220
f 549/416/219 551/418/220 552/419/219
f 553/420/221 554/421/221 555/422/221
f 553/420/221 555/422/221 556/423/221
f 557/64/222 558/424/222 559/425/222
f 557/64/222 559/425/222 560/62/222
f 561/72/223 562/207/224 563/209/225
f 561/72/223 563/209/225 564/70/223
f 565/426/226 566/427/227 567/69/226
f 565/426/226 567/69/226 568/68/226
f 569/428/228 570/216/229 571/217/229
f 569/428/228 571/217/229 572/429/230
f 573/430/231 574/431/232 575/432/231
f 573/430/231 575/432/231 576/433/231
f 577/434/233 578/435/234 579/436/233
f 577/434/233 579/436/233 580/437/235
f 581/438/236 582/439/236 583/440/236
f 581/438/236 583/440/236 584/441/236
f 585/442/237 586/443/238 587/444/239
f 585/442/237 587/444/239 588/445/238
f 589/75/240 590/446/241 591/447/241
f 589/75/240 591/447/241 592/73/242
f 593/84/243 594/448/244 595/226/244
f 593/84/243 595/226/244 596/82/243
f 597/449/245 598/450/245 599/81/246
f 597/449/245 599/81/246 600/80/246
f 601/451/247 602/229/248 603/230/248
f 601/451/247 603/230/248 604/452/247
f 605/453/249 606/454/249 607/455/249
f 605/453/249 607/455/249 608/456/250
f 609/457/251 610/458/252 611/459/252
f 609/457/251 611/459/252 612/460/252
f 613/461/253 614/462/254 615/463/254
f 613/461/253 615/463/254 616/464/255
f 617/465/256 618/466/257 619/467/258
f 617/465/256 619/467/258 620/468/258
f 621/236/259 622/469/259 623/470/259
f 621/236/259 623/470/259 624/88/260
f 625/96/261 626/87/262 627/86/262
f 625/96/261 627/86/262 628/94/261
f 629/245/263 630/244/263 631/471/263
f 629/245/263 631/471/263 632/472/264
s 0
f 633/2/1 634/1/1 635/473/1
f 633/2/1 635/473/1 636/474/1
s 1
f 637/246/265 638/475/265 639/476/265
f 637/246/265 639/476/265 640/247/265
f 641/477/266 642/102/267 643/101/268
f 641/477/266 643/101/268 644/478/266
f 645/260/269 646/259/270 647/479/271
f 645/260/269 647/479/271 648/480/271
f 649/261/272 650/481/272 651/482/272
f 649/261/272 651/482/272 652/115/272
f 653/123/273 654/114/274 655/113/275
f 653/123/273 655/113/275 656/121/273
f 657/483/276 658/484/277 659/485/278
f 657/483/276 659/485/278 660/486/278
f 661/274/279 662/487/280 663/488/280
f 661/274/279 663/488/280 664/127/281
f 665/135/282 666/126/282 667/125/282
f 665/135/282 667/125/282 668/133/282
f 669/489/283 685/490/284 686/491/283
f 685/490/284 669/489/283 670/492/284
f 685/490/284 670/492/284 671/493/284
f 685/490/284 671/493/284 682/494/283
f 682/494/283 671/493/284 681/495/283
f 681/495/283 671/493/284 672/496/284
f 681/495/283 672/496/284 673/497/285
f 681/495/283 673/497/285 680/498/283
f 680/498/283 673/497/285 674/499/286
f 680/498/283 674/499/286 679/500/286
f 679/500/286 674/499/286 675/138/286
f 679/500/286 675/138/286 676/137/285
f 679/500/286 676/137/285 677/501/285
f 679/500/286 677/501/285 678/502/285
f 684/503/283 682/494/283 683/504/283
f 682/494/283 684/503/283 685/490/284
f 695/505/287 693/141/288 694/140/287
f 693/141/288 695/505/287 692/506/289
f 692/506/289 695/505/287 691/507/287
f 691/507/287 695/505/287 696/508/289
f 691/507/287 696/508/289 690/509/287
f 690/509/287 696/508/289 689/510/287
f 689/510/287 696/508/289 697/511/289
f 689/510/287 697/511/289 688/512/288
f 688/512/288 697/511/289 698/513/290
f 688/512/288 698/513/290 687/514/287
f 687/514/287 698/513/290 704/515/288
f 704/515/288 698/513/290 703/516/289
f 703/516/289 698/513/290 702/517/288
f 702/517/288 698/513/290 699/518/288
f 702/517/288 699/518/288 701/519/290
f 701/519/290 699/518/288 700/520/289
f 716/521/291 714/522/291 715/523/292
f 714/522/291 716/521/291 717/524/291
f 714/522/291 717/524/291 718/525/291
f 714/522/291 718/525/291 713/526/293
f 713/526/293 718/525/291 712/143/291
f 712/143/291 718/525/291 719/527/291
f 712/143/291 719/527/291 720/528/291
f 712/143/291 720/528/291 721/529/292
f 712/143/291 721/529/292 722/530/292
f 712/143/291 722/530/292 711/144/291
f 711/144/291 722/530/292 705/531/291
f 711/144/291 705/531/291 706/532/291
f 711/144/291 706/532/291 709/533/291
f 709/533/291 706/532/291 708/534/291
f 708/534/291 706/532/291 707/535/291
f 710/536/291 711/144/291 709/533/291
f 726/537/294 727/538/295 725/539/296
f 737/540/296 735/541/294 736/542/296
f 735/541/294 737/540/296 734/543/296
f 734/543/296 737/540/296 738/544/296
f 734/543/296 738/544/296 733/545/296
f 733/545/296 738/544/296 739/546/297
f 733/545/296 739/546/297 740/547/296
f 733/545/296 740/547/296 741/548/294
f 733/545/296 741/548/294 732/549/296
f 732/549/296 741/548/294 723/550/296
f 732/549/296 723/550/296 724/551/294
f 732/549/296 724/551/294 731/552/294
f 731/552/294 724/551/294 730/293/295
f 730/293/295 724/551/294 729/294/294
f 729/294/294 724/551/294 725/539/296
f 729/294/294 725/539/296 727/538/295
f 729/294/294 727/538/295 728/553/296
f 756/554/298 759/555/298 755/556/298
f 759/555/298 756/554/298 758/557/298
f 758/557/298 756/554/298 757/558/298
f 751/559/298 749/300/298 750/560/299
f 749/300/298 751/559/298 752/561/298
f 749/300/298 752/561/298 748/297/298
f 748/297/298 752/561/298 753/562/298
f 748/297/298 753/562/298 747/563/298
f 747/563/298 753/562/298 746/564/298
f 746/564/298 753/562/298 745/565/298
f 745/565/298 753/562/298 744/566/298
f 744/566/298 753/562/298 754/567/299
f 744/566/298 754/567/299 743/568/298
f 743/568/298 754/567/299 755/556/298
f 743/568/298 755/556/298 742/569/298
f 742/569/298 755/556/298 759/555/298
f 742/569/298 759/555/298 760/570/298
f 770/571/300 768/572/300 769/573/301
f 768/572/300 770/571/300 771/574/300
f 768/572/300 771/574/300 767/575/302
f 767/575/302 771/574/300 772/576/300
f 767/575/302 772/576/300 766/577/300
f 766/577/300 772/576/300 773/578/301
f 766/577/300 773/578/301 765/579/302
f 765/579/302 773/578/301 774/580/301
f 765/579/302 774/580/301 764/581/303
f 764/581/303 774/580/301 775/582/301
f 764/581/303 775/582/301 763/583/303
f 763/583/303 775/582/301 776/584/301
f 763/583/303 776/584/301 777/585/300
f 763/583/303 778/586/302 762/587/303
f 778/586/302 763/583/303 777/585/300
f 762/587/303 778/586/302 779/588/301
f 762/587/303 779/588/301 761/589/301
f 782/590/304 780/591/304 781/592/304
f 780/591/304 782/590/304 798/593/304
f 798/593/304 782/590/304 797/594/305
f 797/594/305 782/590/304 783/595/304
f 797/594/305 783/595/304 796/596/304
f 796/596/304 794/597/304 795/598/304
f 794/597/304 796/596/304 783/595/304
f 794/597/304 783/595/304 784/599/305
f 794/597/304 784/599/305 793/600/304
f 793/600/304 784/599/305 785/601/306
f 793/600/304 785/601/306 786/315/305
f 793/600/304 786/315/305 792/602/307
f 792/602/307 786/315/305 787/318/305
f 792/602/307 787/318/305 791/603/307
f 791/603/307 787/318/305 788/604/307
f 791/603/307 788/604/307 790/605/305
f 790/605/305 788/604/307 789/606/305
f 811/607/308 809/608/309 810/609/308
f 809/608/309 811/607/308 812/610/308
f 809/608/309 812/610/308 808/611/308
f 808/611/308 812/610/308 813/612/308
f 808/611/308 813/612/308 807/613/310
f 807/613/310 813/612/308 806/319/308
f 806/319/308 813/612/308 814/614/308
f 806/319/308 814/614/308 815/615/308
f 806/319/308 815/615/308 816/616/308
f 806/319/308 816/616/308 805/320/308
f 805/320/308 816/616/308 817/617/308
f 805/320/308 817/617/308 799/618/308
f 805/320/308 799/618/308 804/619/309
f 804/619/309 799/618/308 800/620/308
f 804/619/309 800/620/308 803/621/308
f 803/621/308 800/620/308 802/622/308
f 802/622/308 800/620/308 801/623/308
f 830/624/311 828/625/311 829/626/312
f 828/625/311 830/624/311 831/627/312
f 828/625/311 831/627/312 832/628/311
f 828/625/311 832/628/311 827/629/313
f 827/629/313 832/628/311 833/630/312
f 827/629/313 833/630/312 834/631/314
f 827/629/313 834/631/314 826/632/311
f 826/632/311 834/631/314 835/633/311
f 826/632/311 835/633/311 825/326/311
f 825/326/311 835/633/311 836/634/311
f 825/326/311 836/634/311 818/635/314
f 825/326/311 818/635/314 819/636/311
f 825/326/311 819/636/311 820/637/311
f 825/326/311 820/637/311 822/638/311
f 822/638/311 820/637/311 821/639/311
f 822/638/311 824/323/311 825/326/311
f 824/323/311 822/638/311 823/640/311
f 848/641/315 846/642/316 847/643/317
f 846/642/316 848/641/315 845/644/318
f 845/644/318 848/641/315 844/343/315
f 844/343/315 848/641/315 849/645/315
f 844/343/315 849/645/315 843/340/319
f 843/340/319 849/645/315 850/646/315
f 843/340/319 850/646/315 851/647/315
f 843/340/319 851/647/315 842/648/315
f 842/648/315 851/647/315 852/649/319
f 842/648/315 852/649/319 841/650/317
f 841/650/317 852/649/319 840/651/319
f 840/651/319 852/649/319 853/652/320
f 840/651/319 853/652/320 854/653/320
f 840/651/319 854/653/320 855/654/316
f 840/651/319 855/654/316 839/655/317
f 839/655/317 855/654/316 837/656/316
f 839/655/317 837/656/316 838/657/315
f 856/658/321 873/659/321 874/660/321
f 873/659/321 856/658/321 857/661/321
f 872/662/321 870/663/321 871/664/321
f 870/663/321 872/662/321 873/659/321
f 870/663/321 873/659/321 869/665/321
f 869/665/321 873/659/321 857/661/321
f 869/665/321 857/661/321 858/666/322
f 869/665/321 858/666/322 868/667/321
f 868/667/321 858/666/322 867/668/321
f 867/668/321 858/666/322 859/669/321
f 867/668/321 859/669/321 860/670/322
f 867/668/321 860/670/322 866/671/321
f 866/671/321 860/670/322 861/672/321
f 866/671/321 861/672/321 862/345/321
f 866/671/321 862/345/321 863/344/321
f 866/671/321 863/344/321 865/673/323
f 865/673/323 863/344/321 864/674/324
f 877/675/325 875/676/325 876/677/325
f 875/676/325 877/675/325 893/678/325
f 893/678/325 877/675/325 892/679/326
f 892/679/326 877/675/325 891/680/327
f 891/680/327 877/675/325 878/681/325
f 891/680/327 878/681/325 890/682/325
f 890/682/325 878/681/325 889/683/325
f 889/683/325 878/681/325 879/684/326
f 889/683/325 879/684/326 888/685/325
f 888/685/325 879/684/326 887/686/325
f 887/686/325 879/684/326 880/687/325
f 887/686/325 880/687/325 881/348/326
f 887/686/325 881/348/326 886/688/325
f 886/688/325 881/348/326 882/351/325
f 886/688/325 882/351/325 885/689/325
f 885/689/325 882/351/325 883/690/326
f 885/689/325 883/690/326 884/691/328
f 901/365/329 899/692/330 900/362/331
f 899/692/330 901/365/329 902/693/331
f 899/692/330 902/693/331 898/694/331
f 898/694/331 902/693/331 897/695/332
f 897/695/332 902/693/331 903/696/331
f 897/695/332 903/696/331 896/697/331
f 896/697/331 903/696/331 895/698/330
f 895/698/330 903/696/331 904/699/330
f 895/698/330 904/699/330 894/700/330
f 894/700/330 904/699/330 912/701/330
f 912/701/330 904/699/330 911/702/330
f 911/702/330 904/699/330 905/703/330
f 911/702/330 905/703/330 910/704/330
f 910/704/330 905/703/330 909/705/330
f 909/705/330 905/703/330 908/706/330
f 908/706/330 905/703/330 906/707/330
f 908/706/330 906/707/330 907/708/330
f 925/709/333 923/710/334 924/711/333
f 923/710/334 925/709/333 926/712/334
f 923/710/334 926/712/334 922/713/334
f 922/713/334 926/712/334 921/714/334
f 921/714/334 926/712/334 920/369/334
f 920/369/334 926/712/334 927/715/334
f 920/369/334 927/715/334 928/716/333
f 920/369/334 928/716/333 929/717/334
f 920/369/334 929/717/334 919/366/333
f 919/366/333 929/717/334 930/718/335
f 919/366/333 930/718/335 931/719/333
f 919/366/333 931/719/333 918/720/334
f 918/720/334 931/719/333 913/721/333
f 918/720/334 913/721/333 917/722/334
f 917/722/334 913/721/333 914/723/333
f 917/722/334 914/723/333 916/724/334
f 916/724/334 914/723/333 915/725/333
f 938/370/336 936/726/336 937/727/337
f 936/726/336 938/370/336 939/373/336
f 936/726/336 939/373/336 940/728/336
f 936/726/336 940/728/336 934/729/336
f 934/729/336 940/728/336 933/730/338
f 933/730/338 940/728/336 932/731/338
f 932/731/338 940/728/336 941/732/337
f 932/731/338 941/732/337 950/733/336
f 950/733/336 941/732/337 949/734/337
f 949/734/337 941/732/337 942/735/336
f 949/734/337 942/735/336 948/736/336
f 948/736/336 942/735/336 947/737/337
f 947/737/337 942/735/336 943/738/339
f 947/737/337 943/738/339 946/739/336
f 946/739/336 943/738/339 945/740/336
f 945/740/336 943/738/339 944/741/336
f 934/729/336 935/742/340 936/726/336
f 958/389/341 956/743/342 957/386/343
f 956/743/342 958/389/341 959/744/342
f 956/743/342 959/744/342 955/745/342
f 955/745/342 959/744/342 960/746/342
f 955/745/342 960/746/342 954/747/342
f 954/747/342 960/746/342 953/748/342
f 953/748/342 960/746/342 961/749/342
f 953/748/342 961/749/342 952/750/341
f 952/750/341 961/749/342 962/751/342
f 952/750/341 962/751/342 951/752/342
f 951/752/342 962/751/342 970/753/341
f 970/753/341 962/751/342 969/754/341
f 969/754/341 962/751/342 963/755/341
f 969/754/341 963/755/341 968/756/341
f 968/756/341 963/755/341 967/757/341
f 967/757/341 963/755/341 966/758/341
f 966/758/341 963/755/341 964/759/341
f 966/758/341 964/759/341 965/760/342
f 979/761/344 977/390/345 978/393/346
f 977/390/345 979/761/344 980/762/344
f 977/390/345 980/762/344 976/763/345
f 976/763/345 980/762/344 981/764/347
f 976/763/345 981/764/347 975/765/344
f 975/765/344 981/764/347 982/766/344
f 975/765/344 982/766/344 974/767/346
f 974/767/346 982/766/344 973/768/344
f 973/768/344 982/766/344 972/769/348
f 972/769/348 982/766/344 983/770/348
f 972/769/348 983/770/348 971/771/348
f 971/771/348 983/770/348 990/772/345
f 990/772/345 983/770/348 984/773/345
f 990/772/345 984/773/345 989/774/348
f 989/774/348 984/773/345 988/775/348
f 988/775/348 984/773/345 985/776/348
f 988/775/348 985/776/348 987/777/348
f 987/777/348 985/776/348 986/778/348
f 992/779/349 995/780/350 991/781/349
f 995/780/350 992/779/349 994/782/351
f 994/782/351 992/779/349 993/783/350
f 1003/784/350 1001/785/350 1002/786/349
f 1001/785/350 1003/784/350 1004/787/349
f 1001/785/350 1004/787/349 1005/788/349
f 1001/785/350 1005/788/349 1000/789/350
f 1000/789/350 1005/788/349 1006/790/349
f 1000/789/350 1006/790/349 999/791/350
f 999/791/350 1006/790/349 1007/792/349
f 999/791/350 1007/792/349 998/397/352
f 998/397/352 1007/792/349 1008/793/349
f 998/397/352 1008/793/349 1009/794/349
f 998/397/352 1009/794/349 997/394/349
f 997/394/349 1009/794/349 1010/795/351
f 997/394/349 1010/795/351 991/781/349
f 997/394/349 991/781/349 996/796/350
f 996/796/350 991/781/349 995/780/350
f 1014/797/353 1012/798/353 1013/799/353
f 1012/798/353 1014/797/353 1011/800/353
f 1011/800/353 1014/797/353 1015/801/353
f 1011/800/353 1015/801/353 1030/802/353
f 1030/802/353 1015/801/353 1016/803/354
f 1030/802/353 1016/803/354 1017/408/353
f 1030/802/353 1017/408/353 1029/804/355
f 1029/804/355 1017/408/353 1018/411/354
f 1029/804/355 1018/411/354 1028/805/353
f 1028/805/353 1018/411/354 1027/806/353
f 1027/806/353 1018/411/354 1019/807/354
f 1027/806/353 1019/807/354 1026/808/353
f 1026/808/353 1019/807/354 1025/809/353
f 1025/809/353 1019/807/354 1020/810/354
f 1025/809/353 1020/810/354 1024/811/353
f 1024/811/353 1020/810/354 1021/812/353
f 1024/811/353 1021/812/353 1023/813/353
f 1023/813/353 1021/812/353 1022/814/353
f 1043/815/356 1041/816/356 1042/817/356
f 1041/816/356 1043/815/356 1040/818/356
f 1040/818/356 1043/815/356 1039/819/356
f 1039/819/356 1043/815/356 1038/415/356
f 1038/415/356 1043/815/356 1044/820/356
f 1038/415/356 1044/820/356 1037/412/356
f 1037/412/356 1044/820/356 1045/821/356
f 1037/412/356 1045/821/356 1046/822/356
f 1037/412/356 1046/822/356 1036/823/356
f 1036/823/356 1046/822/356 1035/824/356
f 1035/824/356 1046/822/356 1047/825/356
f 1035/824/356 1047/825/356 1048/826/356
f 1048/826/356 1034/827/356 1035/824/356
f 1034/827/356 1048/826/356 1049/828/356
f 1034/827/356 1049/828/356 1033/829/356
f 1033/829/356 1049/828/356 1050/830/356
f 1033/829/356 1050/830/356 1032/831/356
f 1032/831/356 1050/830/356 1031/832/357
f 1067/833/358 1065/834/358 1066/835/359
f 1065/834/358 1067/833/358 1068/836/359
f 1065/834/358 1068/836/359 1064/837/359
f 1064/837/359 1068/836/359 1069/838/358
f 1064/837/359 1069/838/358 1063/839/358
f 1063/839/358 1069/838/358 1070/840/359
f 1063/839/358 1070/840/359 1051/841/359
f 1063/839/358 1051/841/359 1062/842/359
f 1062/842/359 1051/841/359 1052/843/359
f 1062/842/359 1052/843/359 1053/844/360
f 1062/842/359 1053/844/360 1061/845/360
f 1061/845/360 1053/844/360 1054/846/360
f 1061/845/360 1054/846/360 1055/847/361
f 1061/845/360 1055/847/361 1060/848/362
f 1060/848/362 1055/847/361 1056/849/359
f 1060/848/362 1056/849/359 1059/850/363
f 1059/850/363 1056/849/359 1057/416/359
f 1059/850/363 1057/416/359 1058/419/362
f 1078/433/364 1076/851/364 1077/430/365
f 1076/851/364 1078/433/364 1079/852/366
f 1076/851/364 1079/852/366 1075/853/366
f 1075/853/366 1079/852/366 1080/854/366
f 1075/853/366 1080/854/366 1074/855/366
f 1074/855/366 1080/854/366 1073/856/366
f 1073/856/366 1080/854/366 1072/857/367
f 1072/857/367 1080/854/366 1081/858/366
f 1072/857/367 1081/858/366 1082/859/364
f 1072/857/367 1082/859/364 1071/860/367
f 1071/860/367 1082/859/364 1090/861/367
f 1090/861/367 1082/859/364 1089/862/367
f 1089/862/367 1082/859/364 1083/863/367
f 1089/862/367 1083/863/367 1088/864/367
f 1088/864/367 1083/863/367 1087/865/367
f 1087/865/367 1083/863/367 1086/866/367
f 1086/866/367 1083/863/367 1085/867/367
f 1085/867/367 1083/863/367 1084/868/367
f 1108/869/368 1106/870/368 1107/871/368
f 1106/870/368 1108/869/368 1105/872/368
f 1105/872/368 1108/869/368 1104/873/368
f 1104/873/368 1108/869/368 1109/874/368
f 1104/873/368 1109/874/368 1103/875/369
f 1103/875/369 1109/874/368 1110/876/368
f 1103/875/369 1110/876/368 1091/877/368
f 1103/875/369 1091/877/368 1092/878/369
f 1103/875/369 1092/878/369 1102/879/369
f 1102/879/369 1092/878/369 1093/880/370
f 1102/879/369 1093/880/370 1094/881/370
f 1102/879/369 1094/881/370 1101/882/370
f 1101/882/370 1094/881/370 1095/883/369
f 1101/882/370 1095/883/369 1096/884/369
f 1101/882/370 1096/884/369 1100/885/370
f 1100/885/370 1096/884/369 1097/434/369
f 1100/885/370 1097/434/369 1099/886/370
f 1099/886/370 1097/434/369 1098/437/370
f 1117/438/371 1115/887/372 1116/888/373
f 1115/887/372 1117/438/371 1111/889/373
f 1111/889/373 1117/438/371 1130/890/371
f 1130/890/371 1117/438/371 1118/441/371
f 1130/890/371 1118/441/371 1129/891/374
f 1129/891/374 1118/441/371 1119/892/373
f 1129/891/374 1119/892/373 1128/893/375
f 1128/893/375 1119/892/373 1127/894/375
f 1127/894/375 1119/892/373 1126/895/373
f 1126/895/373 1119/892/373 1120/896/373
f 1126/895/373 1120/896/373 1125/897/373
f 1125/897/373 1120/896/373 1121/898/373
f 1125/897/373 1121/898/373 1124/899/372
f 1124/899/372 1121/898/373 1122/900/373
f 1124/899/372 1122/900/373 1123/901/373
f 1114/902/371 1112/903/375 1113/904/373
f 1112/903/375 1114/902/371 1115/887/372
f 1112/903/375 1115/887/372 1111/889/373
f 1132/905/376 1150/906/377 1131/907/378
f 1150/906/377 1132/905/376 1149/908/377
f 1149/908/377 1132/905/376 1133/909/379
f 1149/908/377 1133/909/379 1146/910/377
f 1146/910/377 1133/909/379 1145/911/378
f 1145/911/378 1133/909/379 1134/912/379
f 1145/911/378 1134/912/379 1135/913/379
f 1145/911/378 1135/913/379 1144/914/378
f 1144/914/378 1135/913/379 1136/915/378
f 1144/914/378 1136/915/378 1143/916/378
f 1143/916/378 1136/915/378 1137/453/379
f 1143/916/378 1137/453/379 1138/456/380
f 1143/916/378 1138/456/380 1142/917/378
f 1142/917/378 1138/456/380 1139/918/378
f 1142/917/378 1139/918/378 1140/919/378
f 1142/917/378 1140/919/378 1141/920/378
f 1148/921/377 1146/910/377 1147/922/378
f 1146/910/377 1148/921/377 1149/908/377
f 1157/457/381 1155/923/382 1156/924/382
f 1154/925/383 1152/926/382 1153/927/382
f 1152/926/382 1154/925/383 1151/928/382
f 1151/928/382 1154/925/383 1155/923/382
f 1151/928/382 1155/923/382 1170/929/382
f 1170/929/382 1155/923/382 1169/930/382
f 1169/930/382 1155/923/382 1157/457/381
f 1169/930/382 1157/457/381 1158/460/382
f 1169/930/382 1158/460/382 1168/931/382
f 1168/931/382 1158/460/382 1167/932/383
f 1167/932/383 1158/460/382 1166/933/382
f 1166/933/382 1158/460/382 1159/934/382
f 1166/933/382 1159/934/382 1165/935/382
f 1165/935/382 1159/934/382 1164/936/382
f 1164/936/382 1159/934/382 1160/937/382
f 1164/936/382 1160/937/382 1163/938/382
f 1163/938/382 1160/937/382 1162/939/382
f 1162/939/382 1160/937/382 1161/940/382
f 1180/941/384 1178/464/384 1179/942/385
f 1178/464/384 1180/941/384 1177/461/386
f 1177/461/386 1180/941/384 1181/943/384
f 1177/461/386 1181/943/384 1176/944/384
f 1176/944/384 1181/943/384 1182/945/387
f 1176/944/384 1182/945/387 1175/946/384
f 1175/946/384 1182/945/387 1183/947/387
f 1175/946/384 1183/947/387 1174/948/384
f 1174/948/384 1183/947/387 1173/949/384
f 1173/949/384 1183/947/387 1172/950/386
f 1172/950/386 1183/947/387 1184/951/388
f 1172/950/386 1184/951/388 1185/952/387
f 1172/950/386 1185/952/387 1171/953/387
f 1171/953/387 1185/952/387 1189/954/387
f 1189/954/387 1185/952/387 1186/955/388
f 1189/954/387 1186/955/388 1188/956/389
f 1188/956/389 1186/955/388 1187/957/387
f 1190/958/388 1171/953/387 1189/954/387
f 1198/98/390 1196/959/390 1197/99/391
f 1196/959/390 1198/98/390 1199/960/390
f 1196/959/390 1199/960/390 1195/961/390
f 1195/961/390 1199/960/390 1194/962/390
f 1194/962/390 1199/960/390 1193/963/390
f 1193/963/390 1199/960/390 1200/964/390
f 1193/963/390 1200/964/390 1192/965/392
f 1192/965/392 1200/964/390 1201/966/392
f 1192/965/392 1201/966/392 1191/967/392
f 1191/967/392 1201/966/392 1207/968/392
f 1207/968/392 1201/966/392 1202/969/392
f 1207/968/392 1202/969/392 1206/970/392
f 1206/970/392 1202/969/392 1205/971/392
f 1205/971/392 1202/969/392 1204/972/392
f 1204/972/392 1202/969/392 1203/973/392
f 1221/974/393 1219/975/393 1220/976/394
f 1219/975/393 1221/974/393 1222/977/393
f 1219/975/393 1222/977/393 1218/978/393
f 1218/978/393 1222/977/393 1223/979/393
f 1218/978/393 1223/979/393 1208/980/394
f 1218/978/393 1208/980/394 1217/981/394
f 1217/981/394 1208/980/394 1209/982/394
f 1217/981/394 1209/982/394 1210/983/394
f 1217/981/394 1210/983/394 1216/984/394
f 1216/984/394 1210/983/394 1211/985/394
f 1216/984/394 1211/985/394 1215/986/394
f 1215/986/394 1211/985/394 1212/987/394
f 1215/986/394 1212/987/394 1213/239/394
f 1215/986/394 1213/239/394 1214/238/395
f 1237/988/396 1235/989/396 1236/990/396
f 1235/989/396 1237/988/396 1238/991/396
f 1235/989/396 1238/991/396 1234/992/396
f 1234/992/396 1238/991/396 1233/993/396
f 1233/993/396 1238/991/396 1239/994/396
f 1233/993/396 1239/994/396 1224/995/396
f 1233/993/396 1224/995/396 1225/996/396
f 1233/993/396 1225/996/396 1226/997/397
f 1233/993/396 1226/997/397 1232/998/397
f 1232/998/397 1226/997/397 1227/999/396
f 1232/998/397 1227/999/396 1231/1000/396
f 1231/1000/396 1227/999/396 1228/1001/397
f 1231/1000/396 1228/1001/397 1230/241/397
f 1230/241/397 1228/1001/397 1229/242/398
f 1250/1002/399 1248/1003/400 1249/1004/399
f 1248/1003/400 1250/1002/399 1247/1005/401
f 1247/1005/401 1250/1002/399 1246/250/399
f 1246/250/399 1250/1002/399 1251/1006/399
f 1246/250/399 1251/1006/399 1252/1007/399
f 1246/250/399 1252/1007/399 1253/1008/400
f 1246/250/399 1253/1008/400 1245/251/400
f 1245/251/400 1253/1008/400 1254/1009/400
f 1245/251/400 1254/1009/400 1244/1010/399
f 1244/1010/399 1254/1009/400 1255/1011/400
f 1244/1010/399 1255/1011/400 1243/1012/402
f 1243/1012/402 1255/1011/400 1242/1013/402
f 1242/1013/402 1255/1011/400 1240/1014/402
f 1242/1013/402 1240/1014/402 1241/1015/400
f 1267/1016/403 1265/1017/403 1266/1018/403
f 1265/1017/403 1267/1016/403 1268/1019/403
f 1265/1017/403 1268/1019/403 1264/1020/404
f 1264/1020/404 1268/1019/403 1263/1021/404
f 1263/1021/404 1268/1019/403 1269/1022/405
f 1263/1021/404 1269/1022/405 1262/253/404
f 1262/253/404 1269/1022/405 1270/1023/405
f 1262/253/404 1270/1023/405 1271/1024/405
f 1262/253/404 1271/1024/405 1261/254/404
f 1261/254/404 1271/1024/405 1256/1025/406
f 1261/254/404 1256/1025/406 1260/1026/404
f 1260/1026/404 1256/1025/406 1259/1027/404
f 1259/1027/404 1256/1025/406 1257/1028/404
f 1259/1027/404 1257/1028/404 1258/1029/404
f 1275/1030/407 1273/1031/408 1274/1032/409
f 1273/1031/408 1275/1030/407 1272/1033/410
f 1272/1033/410 1275/1030/407 1276/1034/410
f 1272/1033/410 1276/1034/410 1288/1035/407
f 1288/1035/407 1276/1034/410 1277/1036/409
f 1288/1035/407 1277/1036/409 1287/1037/407
f 1287/1037/407 1277/1036/409 1278/257/407
f 1287/1037/407 1278/257/407 1286/1038/407
f 1286/1038/407 1278/257/407 1279/256/408
f 1286/1038/407 1279/256/408 1285/1039/408
f 1285/1039/408 1279/256/408 1280/1040/408
f 1285/1039/408 1280/1040/408 1284/1041/408
f 1284/1041/408 1280/1040/408 1283/1042/411
f 1283/1042/411 1280/1040/408 1281/1043/410
f 1283/1042/411 1281/1043/410 1282/1044/408
f 1296/263/412 1294/1045/413 1295/264/412
f 1294/1045/413 1296/263/412 1297/1046/413
f 1294/1045/413 1297/1046/413 1293/1047/414
f 1293/1047/414 1297/1046/413 1292/1048/412
f 1292/1048/412 1297/1046/413 1291/1049/412
f 1291/1049/412 1297/1046/413 1298/1050/412
f 1291/1049/412 1298/1050/412 1290/1051/413
f 1290/1051/413 1298/1050/412 1299/1052/413
f 1290/1051/413 1299/1052/413 1289/1053/413
f 1289/1053/413 1299/1052/413 1305/1054/415
f 1305/1054/415 1299/1052/413 1300/1055/413
f 1305/1054/415 1300/1055/413 1304/1056/413
f 1304/1056/413 1300/1055/413 1303/1057/413
f 1303/1057/413 1300/1055/413 1302/1058/415
f 1302/1058/415 1300/1055/413 1301/1059/415
f 1311/267/416 1309/1060/417 1310/1061/418
f 1307/1062/417 1321/1063/417 1306/1064/417
f 1321/1063/417 1307/1062/417 1308/1065/417
f 1321/1063/417 1308/1065/417 1320/1066/417
f 1320/1066/417 1308/1065/417 1319/1067/417
f 1319/1067/417 1308/1065/417 1318/1068/417
f 1318/1068/417 1308/1065/417 1309/1060/417
f 1318/1068/417 1309/1060/417 1311/267/416
f 1318/1068/417 1311/267/416 1312/266/418
f 1318/1068/417 1312/266/418 1317/1069/418
f 1317/1069/418 1312/266/418 1313/1070/418
f 1317/1069/418 1313/1070/418 1316/1071/418
f 1316/1071/418 1313/1070/418 1315/1072/417
f 1315/1072/417 1313/1070/418 1314/1073/416
f 1329/1074/419 1327/270/420 1328/269/421
f 1327/270/420 1329/1074/419 1326/1075/421
f 1326/1075/421 1329/1074/419 1330/1076/422
f 1326/1075/421 1330/1076/422 1325/1077/421
f 1325/1077/421 1330/1076/422 1331/1078/421
f 1325/1077/421 1331/1078/421 1324/1079/422
f 1324/1079/422 1331/1078/421 1323/1080/419
f 1323/1080/419 1331/1078/421 1332/1081/419
f 1323/1080/419 1332/1081/419 1322/1082/423
f 1322/1082/423 1332/1081/419 1333/1083/423
f 1322/1082/423 1333/1083/423 1337/1084/423
f 1337/1084/423 1333/1083/423 1336/1085/423
f 1336/1085/423 1333/1083/423 1335/1086/423
f 1335/1086/423 1333/1083/423 1334/1087/423
f 1341/1088/424 1339/1089/425 1340/1090/425
f 1339/1089/425 1341/1088/424 1338/1091/425
f 1338/1091/425 1341/1088/424 1342/1092/426
f 1338/1091/425 1342/1092/426 1353/1093/425
f 1353/1093/425 1342/1092/426 1343/277/425
f 1353/1093/425 1343/277/425 1352/1094/425
f 1352/1094/425 1343/277/425 1344/276/425
f 1352/1094/425 1344/276/425 1351/1095/425
f 1351/1095/425 1344/276/425 1345/1096/426
f 1351/1095/425 1345/1096/426 1350/1097/425
f 1350/1097/425 1345/1096/426 1349/1098/424
f 1349/1098/424 1345/1096/426 1346/1099/425
f 1349/1098/424 1346/1099/425 1347/1100/425
f 1349/1098/424 1347/1100/425 1348/1101/427
f 1361/1102/428 1359/280/429 1360/279/430
f 1359/280/429 1361/1102/428 1362/1103/428
f 1359/280/429 1362/1103/428 1358/1104/429
f 1358/1104/429 1362/1103/428 1357/1105/428
f 1357/1105/428 1362/1103/428 1363/1106/429
f 1357/1105/428 1363/1106/429 1356/1107/429
f 1356/1107/429 1363/1106/429 1364/1108/429
f 1356/1107/429 1364/1108/429 1355/1109/429
f 1355/1109/429 1364/1108/429 1365/1110/431
f 1355/1109/429 1365/1110/431 1354/1111/431
f 1354/1111/431 1365/1110/431 1366/1112/429
f 1354/1111/431 1366/1112/429 1368/1113/429
f 1368/1113/429 1366/1112/429 1367/1114/429
f 1369/1115/431 1354/1111/431 1368/1113/429
f 1371/1116/432 1373/1117/433 1370/1118/432
f 1373/1117/433 1371/1116/432 1372/1119/434
f 1381/1120/435 1379/1121/434 1380/1122/434
f 1379/1121/434 1381/1120/435 1378/1123/434
f 1378/1123/434 1381/1120/435 1382/1124/434
f 1378/1123/434 1382/1124/434 1377/1125/434
f 1377/1125/434 1382/1124/434 1383/1126/432
f 1377/1125/434 1383/1126/432 1376/282/434
f 1376/282/434 1383/1126/432 1384/1127/432
f 1376/282/434 1384/1127/432 1385/1128/432
f 1376/282/434 1385/1128/432 1375/283/432
f 1375/283/432 1385/1128/432 1370/1118/432
f 1375/283/432 1370/1118/432 1374/1129/434
f 1374/1129/434 1370/1118/432 1373/1117/433
